ﻡ؛؟z,n,name,levelEnergy(MeV),halflife,halflifeUnit,halflifeUncertainty,decayMode,branchingRatio,branchingRatioUncertainty,betaMinus,betaMinusUncertainty
0,1,Neutron,0,608.9,s,0.3,ﺧ٢ﻗ·؛,100.0,,782.0,0.0004
1,2,3H,0,12.3221,y,0.0106,ﺧ٢ﻗ·؛,100.0,,18.5,6e-05
2,4,6He,0,807.12,ms,0.17,ﺧ٢ﻗ·؛,100.0,,3500.0,0.0532
2,6,8He,0,119,ms,1.6,ﺧ٢ﻗ·؛,100.0,,10600.0,0.1
3,5,8Li,0,838.79,ms,0.35,ﺧ٢ﻗ·؛,100.0,,16000.0,0.0591
3,6,9Li,0,178,ms,0.3,ﺧ٢ﻗ·؛,100.0,,13600.0,0.201
3,8,11Li,0,8.75,ms,0.1,ﺧ٢ﻗ·؛,100.0,,20500.0,0.659
4,6,10Be,0,1.39e+06,y,1.16e+04,ﺧ٢ﻗ·؛,100.0,,556.0,0.0822
4,7,11Be,0,13.77,s,0.07,ﺧ٢ﻗ·؛,100.0,,11500.0,0.238
4,8,12Be,0,21.46,ms,0.05,ﺧ٢ﻗ·؛,100.0,,11700.0,2.32
4,10,14Be,0,4.65,ms,0.12,ﺧ٢ﻗ·؛,100.0,,16200.0,133.0
5,12,17B,0,5.07,ms,0.05,ﺧ٢ﻗ·؛,100.0,,22600.0,204.0
5,14,19B,0,2.92,ms,0.13,ﺧ٢ﻗ·؛,100.0,,27300.0,534.0
5,10,15B,0,10.18,ms,0.35,ﺧ٢ﻗ·؛,100.0,,19000.0,21.0
5,7,12B,0,20.22,ms,0.04,ﺧ٢ﻗ·؛,100.0,,13300.0,1.32
5,8,13B,0,17.16,ms,0.18,ﺧ٢ﻗ·؛,100.0,,13400.0,1.0
5,9,14B,0,12.34,ms,0.27,ﺧ٢ﻗ·؛,100.0,,20600.0,21.2
6,8,14C,0,5686,y,22,ﺧ٢ﻗ·؛,100.0,,156.0,0.0037
6,9,15C,0,2.451,s,0.004,ﺧ٢ﻗ·؛,100.0,,9770.0,0.8
6,14,20C,0,16,ms,3.0,ﺧ٢ﻗ·؛,100.0,,15700.0,243.0
6,13,19C,0,46.3,ms,2.3,ﺧ٢ﻗ·؛,100.0,,16500.0,99.7
6,16,22C,0,6.1,ms,+1.4-1.2,ﺧ٢ﻗ·؛,100.0,,21800.0,311.0
6,10,16C,0,750,ms,5,ﺧ٢ﻗ·؛,100.0,,8010.0,4.25
6,12,18C,0,92,ms,2,ﺧ٢ﻗ·؛,100.0,,11800.0,35.2
6,11,17C,0,193,ms,5,ﺧ٢ﻗ·؛,100.0,,13100.0,22.9
7,15,22N,0,20.9,ms,2.1,ﺧ٢ﻗ·؛,100.0,,22400.0,215.0
7,14,21N,0,85.3,ms,4.5,ﺧ٢ﻗ·؛,100.0,,17100.0,134.0
7,16,23N,0,14.1,ms,+1.2-1.5,ﺧ٢ﻗ·؛,100.0,,22000.0,437.0
7,11,18N,0,619,ms,2,ﺧ٢ﻗ·؛,100.0,,13800.0,18.5
7,10,17N,0,4.171,s,0.003,ﺧ٢ﻗ·؛,100.0,,8670.0,15.0
7,13,20N,0,136,ms,3,ﺧ٢ﻗ·؛,100.0,,17900.0,78.8
7,12,19N,0,336,ms,3,ﺧ٢ﻗ·؛,100.0,,12500.0,16.6
7,9,16N,0,7.13,s,0.01,ﺧ٢ﻗ·؛,100.0,,10400.0,2.3
8,15,23O,0,96,ms,8,ﺧ٢ﻗ·؛,100.0,,11300.0,126.0
8,16,24O,0,72,ms,4,ﺧ٢ﻗ·؛,100.0,,10900.0,191.0
8,13,21O,0,3.42,s,0.1,ﺧ٢ﻗ·؛,100.0,,8100.0,12.1
8,14,22O,0,2.19,s,0.16,ﺧ٢ﻗ·؛,100.0,,6480.0,58.2
8,11,19O,0,26.47,s,0.006,ﺧ٢ﻗ·؛,100.0,,4820.0,2.63
8,12,20O,0,13.51,s,0.04,ﺧ٢ﻗ·؛,100.0,,3810.0,0.885
9,18,27F,0,5.3,ms,0.3,ﺧ٢ﻗ·؛,100.0,,18000.0,150.0
9,16,25F,0,81,ms,10,ﺧ٢ﻗ·؛,100.0,,13300.0,100.0
9,17,26F,0,8.6,ms,0.7,ﺧ٢ﻗ·؛,100.0,,18100.0,108.0
9,11,20F,0,11.0064,s,0.0081,ﺧ٢ﻗ·؛,100.0,,7020.0,0.0297
9,14,23F,0,2.23,s,0.14,ﺧ٢ﻗ·؛,100.0,,8430.0,33.3
9,15,24F,0,384,ms,15,ﺧ٢ﻗ·؛,100.0,,13400.0,97.6
9,12,21F,0,4.158,s,0.02,ﺧ٢ﻗ·؛,100.0,,5680.0,1.8
9,13,22F,0,4.23,s,0.04,ﺧ٢ﻗ·؛,100.0,,10800.0,12.3
9,20,29F,0,3.3,ms,0.4,ﺧ٢ﻗ·؛,100.0,,21700.0,546.0
10,13,23Ne,0,37.148,s,0.032,ﺧ٢ﻗ·؛,100.0,,4370.0,0.104
10,14,24Ne,0,3.38,m,0.02,ﺧ٢ﻗ·؛,100.0,,2460.0,0.513
10,15,25Ne,0,602,ms,8,ﺧ٢ﻗ·؛,100.0,,7320.0,29.0
10,16,26Ne,0,196,ms,2,ﺧ٢ﻗ·؛,100.0,,7340.0,18.7
10,17,27Ne,0,30.9,ms,1.1,ﺧ٢ﻗ·؛,100.0,,12500.0,90.8
10,18,28Ne,0,18.7,ms,0.2,ﺧ٢ﻗ·؛,100.0,,12200.0,126.0
10,19,29Ne,0,14,ms,0.5,ﺧ٢ﻗ·؛,100.0,,15700.0,149.0
10,20,30Ne,0,7.3,ms,0.3,ﺧ٢ﻗ·؛,100.0,,14800.0,253.0
10,21,31Ne,0,3.4,ms,0.8,ﺧ٢ﻗ·؛,100.0,,18900.0,266.0
10,22,32Ne,0,4.5,ms,0.7,ﺧ٢ﻗ·؛,100.0,,18300.0,504.0
11,21,32Na,0,13.2,ms,0.3,ﺧ٢ﻗ·؛,100.0,,19400.0,37.4
11,20,31Na,0,17,ms,0.2,ﺧ٢ﻗ·؛,100.0,,15300.0,14.3
11,23,34Na,0,5.5,ms,1.0,ﺧ٢ﻗ·؛,100.0,,23300.0,599.0
11,22,33Na,0,8.2,ms,0.2,ﺧ٢ﻗ·؛,100.0,,18800.0,449.0
11,24,35Na,0,2.4,ms,0.4,ﺧ٢ﻗ·؛,100.0,,22100.0,723.0
11,14,25Na,0,58.9,s,0.6,ﺧ٢ﻗ·؛,100.0,,3830.0,1.2
11,13,24Na,0,14.9578,h,0.0011,ﺧ٢ﻗ·؛,100.0,,5510.0,0.021
11,16,27Na,0,301,ms,5,ﺧ٢ﻗ·؛,100.0,,9060.0,3.72
11,15,26Na,0,1.07128,s,0.00025,ﺧ٢ﻗ·؛,100.0,,9350.0,3.5
11,18,29Na,0,43.2,ms,0.4,ﺧ٢ﻗ·؛,100.0,,13200.0,7.34
11,17,28Na,0,34.6,ms,1.0,ﺧ٢ﻗ·؛,100.0,,14000.0,10.2
11,19,30Na,0,44.8,ms,1.2,ﺧ٢ﻗ·؛,100.0,,17300.0,4.9
12,15,27Mg,0,9.435,m,0.027,ﺧ٢ﻗ·؛,100.0,,2610.0,0.0669
12,17,29Mg,0,1.31,s,0.13,ﺧ٢ﻗ·؛,100.0,,7590.0,0.487
12,16,28Mg,0,20.915,h,0.009,ﺧ٢ﻗ·؛,100.0,,1830.0,0.265
12,19,31Mg,0,270,ms,2,ﺧ٢ﻗ·؛,100.0,,11800.0,3.8
12,18,30Mg,0,314,ms,5,ﺧ٢ﻗ·؛,100.0,,6980.0,2.32
12,20,32Mg,0,80.4,ms,0.4,ﺧ٢ﻗ·؛,100.0,,10200.0,7.87
12,22,34Mg,0,44.9,ms,0.4,ﺧ٢ﻗ·؛,100.0,,11300.0,7.2
12,21,33Mg,0,90.2,ms,0.9,ﺧ٢ﻗ·؛,100.0,,13400.0,7.47
12,24,36Mg,0,7.2,ms,1.2,ﺧ٢ﻗ·؛,100.0,,14400.0,706.0
12,23,35Mg,0,11.3,ms,0.6,ﺧ٢ﻗ·؛,100.0,,15800.0,269.0
12,26,38Mg,0,3.1,ms,0.5,ﺧ٢ﻗ·؛,100.0,,17600.0,525.0
12,25,37Mg,0,6.4,ms,1.5,ﺧ٢ﻗ·؛,100.0,,18400.0,721.0
13,22,35Al,0,38.4,ms,0.3,ﺧ٢ﻗ·؛,100.0,,14100.0,36.6
13,23,36Al,0,90,ms,40,ﺧ٢ﻗ·؛,100.0,,18300.0,165.0
13,20,33Al,0,41.5,ms,0.1,ﺧ٢ﻗ·؛,100.0,,12000.0,7.02
13,21,34Al,0,53.73,ms,0.13,ﺧ٢ﻗ·؛,100.0,,16900.0,2.25
13,26,39Al,0,7.23,ms,0.3,ﺧ٢ﻗ·؛,100.0,,19100.0,329.0
13,27,40Al,0,5.7,ms,0.4,ﺧ٢ﻗ·؛,100.0,,23100.0,324.0
13,24,37Al,0,11.4,ms,0.3,ﺧ٢ﻗ·؛,100.0,,16300.0,213.0
13,25,38Al,0,9,ms,0.7,ﺧ٢ﻗ·؛,100.0,,20600.0,183.0
13,28,41Al,0,3.5,ms,0.9,ﺧ٢ﻗ·؛,100.0,,21300.0,500.0
13,15,28Al,0,2.2483,m,0.0009,ﺧ٢ﻗ·؛,100.0,,4640.0,0.0486
13,16,29Al,0,6.56,m,0.06,ﺧ٢ﻗ·؛,100.0,,3680.0,0.344
13,19,32Al,0,31.7,ms,0.3,ﺧ٢ﻗ·؛,100.0,,12900.0,7.17
13,17,30Al,0,3.61,s,0.04,ﺧ٢ﻗ·؛,100.0,,8560.0,1.93
13,18,31Al,0,0.644,s,0.025,ﺧ٢ﻗ·؛,100.0,,7990.0,2.23
14,17,31Si,0,157.24,m,0.16,ﺧ٢ﻗ·؛,100.0,,1490.0,0.0434
14,18,32Si,0,163.3,y,6.2,ﺧ٢ﻗ·؛,100.0,,227.0,0.3
14,19,33Si,0,6.17,s,0.17,ﺧ٢ﻗ·؛,100.0,,5820.0,1.29
14,23,37Si,0,141,ms,5,ﺧ٢ﻗ·؛,100.0,,12400.0,119.0
14,24,38Si,0,63,ms,8,ﺧ٢ﻗ·؛,100.0,,10400.0,127.0
14,21,35Si,0,0.78,s,0.12,ﺧ٢ﻗ·؛,100.0,,10400.0,35.9
14,22,36Si,0,503,ms,2,ﺧ٢ﻗ·؛,100.0,,7810.0,72.9
14,27,41Si,0,20,ms,2.5,ﺧ٢ﻗ·؛,100.0,,18100.0,323.0
14,28,42Si,0,15,ms,1.4,ﺧ٢ﻗ·؛,100.0,,15700.0,315.0
14,25,39Si,0,38.7,ms,1.2,ﺧ٢ﻗ·؛,100.0,,15000.0,176.0
14,26,40Si,0,30.3,ms,2.7,ﺧ٢ﻗ·؛,100.0,,13800.0,147.0
14,20,34Si,0,2.77,s,0.2,ﺧ٢ﻗ·؛,100.0,,4550.0,1.13
14,29,43Si,0,13,ms,5,ﺧ٢ﻗ·؛,100.0,,19200.0,500.0
15,25,40P,0,150,ms,8,ﺧ٢ﻗ·؛,100.0,,14600.0,83.7
15,24,39P,0,204,ms,39,ﺧ٢ﻗ·؛,100.0,,10300.0,123.0
15,23,38P,0,640,ms,140,ﺧ٢ﻗ·؛,100.0,,12200.0,72.9
15,22,37P,0,2.31,s,0.13,ﺧ٢ﻗ·؛,100.0,,7900.0,37.9
15,29,44P,0,18.2,ms,0.8,ﺧ٢ﻗ·؛,100.0,,20300.0,400.0
15,28,43P,0,36.5,ms,1.5,ﺧ٢ﻗ·؛,100.0,,17200.0,300.0
15,27,42P,0,48.5,ms,1.5,ﺧ٢ﻗ·؛,100.0,,18700.0,95.0
15,26,41P,0,101,ms,5,ﺧ٢ﻗ·؛,100.0,,14000.0,120.0
15,21,36P,0,5.6,s,0.3,ﺧ٢ﻗ·؛,100.0,,10400.0,13.1
15,20,35P,0,47.3,s,0.7,ﺧ٢ﻗ·؛,100.0,,3980.0,1.86
15,30,45P,0,24,ms,11,ﺧ٢ﻗ·؛,100.0,,19300.0,583.0
15,18,33P,0,25.35,d,0.11,ﺧ٢ﻗ·؛,100.0,,248.0,1.09
15,17,32P,0,14.267,d,0.006,ﺧ٢ﻗ·؛,100.0,,1710.0,0.04
15,19,34P,0,12.43,s,0.08,ﺧ٢ﻗ·؛,100.0,,5380.0,0.811
16,30,46S,0,50,ms,8,ﺧ٢ﻗ·؛,100.0,,14300.0,411.0
16,19,35S,0,87.35,d,0.07,ﺧ٢ﻗ·؛,100.0,,167.0,0.0257
16,26,42S,0,1.016,s,0.013,ﺧ٢ﻗ·؛,100.0,,7190.0,59.6
16,25,41S,0,2.6,s,1.4,ﺧ٢ﻗ·؛,100.0,,8290.0,68.8
16,24,40S,0,8.8,s,2.2,ﺧ٢ﻗ·؛,100.0,,4710.0,32.3
16,23,39S,0,11.5,s,0.5,ﺧ٢ﻗ·؛,100.0,,6630.0,50.0
16,29,45S,0,68,ms,2,ﺧ٢ﻗ·؛,100.0,,14900.0,329.0
16,28,44S,0,124.5,ms,2.3,ﺧ٢ﻗ·؛,100.0,,11200.0,85.7
16,27,43S,0,265,ms,13,ﺧ٢ﻗ·؛,100.0,,11900.0,62.0
16,22,38S,0,170.3,m,0.7,ﺧ٢ﻗ·؛,100.0,,2930.0,7.17
16,21,37S,0,5.05,m,0.02,ﺧ٢ﻗ·؛,100.0,,4860.0,0.196
17,28,45Cl,0,413,ms,25,ﺧ٢ﻗ·؛,100.0,,11500.0,136.0
17,29,46Cl,0,232,ms,2,ﺧ٢ﻗ·؛,100.0,,16000.0,97.2
17,24,41Cl,0,38.4,s,0.8,ﺧ٢ﻗ·؛,100.0,,5760.0,68.7
17,25,42Cl,0,6.8,s,0.3,ﺧ٢ﻗ·؛,100.0,,9590.0,59.8
17,26,43Cl,0,3.13,s,0.09,ﺧ٢ﻗ·؛,100.0,,7850.0,62.0
17,27,44Cl,0,542,ms,108,ﺧ٢ﻗ·؛,100.0,,12100.0,85.5
17,21,38Cl,0,37.236,m,0.012,ﺧ٢ﻗ·؛,100.0,,4910.0,0.218
17,22,39Cl,0,56.2,m,0.6,ﺧ٢ﻗ·؛,100.0,,3440.0,5.29
17,23,40Cl,0,1.33,m,0.03,ﺧ٢ﻗ·؛,100.0,,7480.0,32.0
17,30,47Cl,0,101,ms,6,ﺧ٢ﻗ·؛,100.0,,15700.0,200.0
17,19,36Cl,0,3.07e+05,y,1.54e+03,ﺧ٢ﻗ·؛,98.1,0.1,709.0,0.0449
18,32,50Ar,0,105,ms,6,ﺧ٢ﻗ·؛,100.0,,12400.0,500.0
18,30,48Ar,0,416,ms,16,ﺧ٢ﻗ·؛,100.0,,9920.0,16.7
18,31,49Ar,0,236,ms,8,ﺧ٢ﻗ·؛,100.0,,12500.0,400.0
18,29,47Ar,0,1.23,s,0.03,ﺧ٢ﻗ·؛,100.0,,10300.0,1.84
18,25,43Ar,0,5.37,m,0.06,ﺧ٢ﻗ·؛,100.0,,4560.0,5.32
18,26,44Ar,0,11.87,m,0.05,ﺧ٢ﻗ·؛,100.0,,3100.0,1.63
18,27,45Ar,0,21.48,s,0.15,ﺧ٢ﻗ·؛,100.0,,6840.0,0.731
18,28,46Ar,0,8.4,s,0.5,ﺧ٢ﻗ·؛,100.0,,5640.0,2.43
18,21,39Ar,0,268,y,8,ﺧ٢ﻗ·؛,100.0,,565.0,5.0
18,23,41Ar,0,109.61,m,0.04,ﺧ٢ﻗ·؛,100.0,,2490.0,0.347
18,24,42Ar,0,32.9,y,11.0,ﺧ٢ﻗ·؛,100.0,,599.0,5.77
19,27,46K,0,96.31,s,0.078,ﺧ٢ﻗ·؛,100.0,,7720.0,2.34
19,26,45K,0,17.79,m,0.43,ﺧ٢ﻗ·؛,100.0,,4190.0,0.636
19,29,48K,0,6.8,s,0.2,ﺧ٢ﻗ·؛,100.0,,11900.0,0.773
19,28,47K,0,17.38,s,0.03,ﺧ٢ﻗ·؛,100.0,,6630.0,2.62
19,23,42K,0,12.359,h,0.004,ﺧ٢ﻗ·؛,100.0,,3520.0,0.182
19,25,44K,0,22.13,m,0.19,ﺧ٢ﻗ·؛,100.0,,5680.0,0.53
19,24,43K,0,22.28,h,0.11,ﺧ٢ﻗ·؛,100.0,,1830.0,0.468
19,21,40K,0,1.25e+09,y,3.00e+06,ﺧ٢ﻗ·؛,89.28,0.11,1310.0,0.0596
19,34,53K,0,30,ms,5,ﺧ٢ﻗ·؛,100.0,,17000.0,120.0
19,33,52K,0,110,ms,4,ﺧ٢ﻗ·؛,100.0,,17100.0,33.5
19,35,54K,0,10,ms,5,ﺧ٢ﻗ·؛,100.0,,20000.0,403.0
19,30,49K,0,1.26,s,0.05,ﺧ٢ﻗ·؛,100.0,,11600.0,0.82
19,32,51K,0,365,ms,5,ﺧ٢ﻗ·؛,100.0,,13800.0,13.0
19,31,50K,0,472,ms,4,ﺧ٢ﻗ·؛,100.0,,13800.0,7.89
20,36,56Ca,0,11,ms,2,ﺧ٢ﻗ·؛,100.0,,12000.0,360.0
20,35,55Ca,0,22,ms,2,ﺧ٢ﻗ·؛,100.0,,12100.0,171.0
20,34,54Ca,0,90,ms,8,ﺧ٢ﻗ·؛,100.0,,9270.0,50.4
20,33,53Ca,0,461,ms,90,ﺧ٢ﻗ·؛,100.0,,9380.0,47.2
20,32,52Ca,0,4.6,s,0.3,ﺧ٢ﻗ·؛,100.0,,6250.0,3.14
20,31,51Ca,0,10,s,0.8,ﺧ٢ﻗ·؛,100.0,,6910.0,2.56
20,30,50Ca,0,13.45,s,0.07,ﺧ٢ﻗ·؛,100.0,,4940.0,2.97
20,29,49Ca,0,8.718,m,0.006,ﺧ٢ﻗ·؛,100.0,,5260.0,2.27
20,28,48Ca,0,5.60e+19,y,1.40e+19-1.10e+19,ﺧ٢ﻗ·؛,,,279.0,4.94
20,27,47Ca,0,4.536,d,0.002,ﺧ٢ﻗ·؛,100.0,,1990.0,1.18
20,25,45Ca,0,162.61,d,0.09,ﺧ٢ﻗ·؛,100.0,,260.0,0.737
21,29,50Sc,0,102.5,s,0.5,ﺧ٢ﻗ·؛,100.0,,6890.0,2.51
21,28,49Sc,0,57.2,m,0.15,ﺧ٢ﻗ·؛,100.0,,2000.0,2.26
21,27,48Sc,0,43.71,h,0.08,ﺧ٢ﻗ·؛,100.0,,3980.0,4.94
21,26,47Sc,0,3.3491,d,0.0006,ﺧ٢ﻗ·؛,100.0,,600.0,1.92
21,25,46Sc,0,83.808,d,0.029,ﺧ٢ﻗ·؛,100.0,,2360.0,0.666
21,37,58Sc,0,12,ms,5,ﺧ٢ﻗ·؛,100.0,,15400.0,264.0
21,36,57Sc,0,20,ms,4,ﺧ٢ﻗ·؛,100.0,,13000.0,273.0
21,35,56Sc,0,26,ms,6,ﺧ٢ﻗ·؛,100.0,,13900.0,278.0
21,34,55Sc,0,92,ms,4,ﺧ٢ﻗ·؛,100.0,,10900.0,68.7
21,33,54Sc,0,526,ms,15,ﺧ٢ﻗ·؛,100.0,,11300.0,21.1
21,32,53Sc,0,2.4,s,0.6,ﺧ٢ﻗ·؛,100.0,,8110.0,17.9
21,31,52Sc,0,8.2,s,0.2,ﺧ٢ﻗ·؛,100.0,,8950.0,4.12
21,30,51Sc,0,12.5,s,0.1,ﺧ٢ﻗ·؛,100.0,,6480.0,2.56
22,39,61Ti,0,15,ms,4,ﺧ٢ﻗ·؛,100.0,,13800.0,381.0
22,38,60Ti,0,22.2,ms,1.6,ﺧ٢ﻗ·؛,100.0,,10900.0,301.0
22,37,59Ti,0,28.5,ms,1.9,ﺧ٢ﻗ·؛,100.0,,11700.0,330.0
22,36,58Ti,0,55,ms,6,ﺧ٢ﻗ·؛,100.0,,9510.0,206.0
22,35,57Ti,0,94,ms,8,ﺧ٢ﻗ·؛,100.0,,10000.0,222.0
22,34,56Ti,0,199,ms,6,ﺧ٢ﻗ·؛,100.0,,6760.0,188.0
22,33,55Ti,0,1.3,s,0.1,ﺧ٢ﻗ·؛,100.0,,7290.0,39.5
22,32,54Ti,0,1.6,s,0.4,ﺧ٢ﻗ·؛,100.0,,4150.0,19.3
22,31,53Ti,0,32.7,s,0.9,ﺧ٢ﻗ·؛,100.0,,4970.0,4.23
22,30,52Ti,0,1.7,m,0.1,ﺧ٢ﻗ·؛,100.0,,1960.0,2.75
22,29,51Ti,0,5.756,m,0.009,ﺧ٢ﻗ·؛,100.0,,2470.0,0.482
23,41,64V,0,15,ms,2,ﺧ٢ﻗ·؛,100.0,,17300.0,500.0
23,40,63V,0,19.6,ms,0.9,ﺧ٢ﻗ·؛,100.0,,14400.0,347.0
23,27,50V,0,2.68e+17,y,1.08e+16-1.09e+16,ﺧ٢ﻗ·؛,1.4,,1030.0,0.0551
23,29,52V,0,3.743,m,0.005,ﺧ٢ﻗ·؛,100.0,,3970.0,0.16
23,38,61V,0,48.2,ms,0.6,ﺧ٢ﻗ·؛,100.0,,12300.0,234.0
23,39,62V,0,33.6,ms,2.3,ﺧ٢ﻗ·؛,100.0,,15600.0,264.0
23,30,53V,0,1.537,m,0.014,ﺧ٢ﻗ·؛,100.0,,3430.0,3.1
23,31,54V,0,49.8,s,0.5,ﺧ٢ﻗ·؛,100.0,,7030.0,11.1
23,32,55V,0,6.54,s,0.15,ﺧ٢ﻗ·؛,100.0,,5980.0,27.0
23,33,56V,0,218,ms,6,ﺧ٢ﻗ·؛,100.0,,9100.0,175.0
23,34,57V,0,347,ms,9,ﺧ٢ﻗ·؛,100.0,,8080.0,84.7
23,35,58V,0,192,ms,7,ﺧ٢ﻗ·؛,100.0,,11500.0,95.8
23,36,59V,0,96,ms,4,ﺧ٢ﻗ·؛,100.0,,10500.0,137.0
23,37,60V,0,122,ms,18,ﺧ٢ﻗ·؛,100.0,,13800.0,181.0
24,39,63Cr,0,129,ms,2,ﺧ٢ﻗ·؛,100.0,,10700.0,72.7
24,31,55Cr,0,3.498,m,0.004,ﺧ٢ﻗ·؛,100.0,,2600.0,0.321
24,32,56Cr,0,5.94,m,0.1,ﺧ٢ﻗ·؛,100.0,,1620.0,0.552
24,33,57Cr,0,21.1,s,1.0,ﺧ٢ﻗ·؛,100.0,,4960.0,2.39
24,34,58Cr,0,7,s,0.3,ﺧ٢ﻗ·؛,100.0,,3830.0,4.02
24,35,59Cr,0,1.05,s,0.09,ﺧ٢ﻗ·؛,100.0,,7400.0,2.42
24,36,60Cr,0,490,ms,10,ﺧ٢ﻗ·؛,100.0,,6050.0,2.58
24,37,61Cr,0,243,ms,10,ﺧ٢ﻗ·؛,100.0,,9240.0,2.98
24,38,62Cr,0,206,ms,11,ﺧ٢ﻗ·؛,100.0,,7670.0,7.39
24,42,66Cr,0,24,ms,2,ﺧ٢ﻗ·؛,100.0,,11600.0,300.0
24,40,64Cr,0,43,ms,1,ﺧ٢ﻗ·؛,100.0,,9340.0,299.0
24,41,65Cr,0,28,ms,2,ﺧ٢ﻗ·؛,100.0,,12600.0,200.0
25,44,69Mn,0,22.1,ms,2.5,ﺧ٢ﻗ·؛,100.0,,13800.0,447.0
25,43,68Mn,0,33.9,ms,1.7,ﺧ٢ﻗ·؛,100.0,,14900.0,356.0
25,45,70Mn,0,19.9,ms,1.7,ﺧ٢ﻗ·؛,100.0,,16400.0,583.0
25,40,65Mn,0,91.7,ms,1.0,ﺧ٢ﻗ·؛,100.0,,10200.0,6.32
25,42,67Mn,0,47,ms,3,ﺧ٢ﻗ·؛,100.0,,12100.0,200.0
25,41,66Mn,0,63.9,ms,0.9,ﺧ٢ﻗ·؛,100.0,,13300.0,11.9
25,29,54Mn,0,312.1,d,0.04,ﺧ٢ﻗ·؛,9.3e-05,,696.0,1.05
25,33,58Mn,0,3,s,0.1,ﺧ٢ﻗ·؛,100.0,,6320.0,2.71
25,32,57Mn,0,85.4,s,1.8,ﺧ٢ﻗ·؛,100.0,,2690.0,1.52
25,35,60Mn,0,0.28,s,0.02,ﺧ٢ﻗ·؛,100.0,,8440.0,4.12
25,34,59Mn,0,4.59,s,0.04,ﺧ٢ﻗ·؛,100.0,,5130.0,2.35
25,37,62Mn,0,92,ms,13,ﺧ٢ﻗ·؛,100.0,,10300.0,7.11
25,36,61Mn,0,0.709,s,0.006,ﺧ٢ﻗ·؛,100.0,,7170.0,3.49
25,39,64Mn,0,90,ms,3,ﺧ٢ﻗ·؛,100.0,,11900.0,6.14
25,38,63Mn,0,277,ms,5,ﺧ٢ﻗ·؛,100.0,,8740.0,5.69
25,31,56Mn,0,2.5788,h,0.0002,ﺧ٢ﻗ·؛,100.0,,3690.0,0.206
26,34,60Fe,0,2.61e+06,y,3.76e+04,ﺧ٢ﻗ·؛,100.0,,237.0,3.41
26,33,59Fe,0,44.495,d,0.009,ﺧ٢ﻗ·؛,100.0,,1560.0,0.369
26,36,62Fe,0,68,s,2,ﺧ٢ﻗ·؛,100.0,,2540.0,18.7
26,35,61Fe,0,6.03,m,0.05,ﺧ٢ﻗ·؛,100.0,,3970.0,2.73
26,38,64Fe,0,2,s,0.3,ﺧ٢ﻗ·؛,100.0,,4820.0,20.6
26,37,63Fe,0,6.1,s,0.6,ﺧ٢ﻗ·؛,100.0,,6210.0,19.0
26,39,65Fe,0,0.803,s,0.018,ﺧ٢ﻗ·؛,100.0,,7960.0,5.51
26,45,71Fe,0,34,ms,7,ﺧ٢ﻗ·؛,100.0,,12400.0,613.0
26,44,70Fe,0,61.5,ms,0.9,ﺧ٢ﻗ·؛,100.0,,9630.0,300.0
26,47,73Fe,0,12.9,ms,1.6,ﺧ٢ﻗ·؛,100.0,,13900.0,583.0
26,46,72Fe,0,19,ms,4,ﺧ٢ﻗ·؛,100.0,,11000.0,583.0
26,48,74Fe,0,8.2,ms,+2.6-7.1,ﺧ٢ﻗ·؛,100.0,,12800.0,640.0
26,41,67Fe,0,398,ms,9,ﺧ٢ﻗ·؛,100.0,,9610.0,7.49
26,40,66Fe,0,472,ms,33,ﺧ٢ﻗ·؛,100.0,,6340.0,14.5
26,43,69Fe,0,162,ms,7,ﺧ٢ﻗ·؛,100.0,,11100.0,218.0
26,42,68Fe,0,186,ms,4,ﺧ٢ﻗ·؛,100.0,,7740.0,193.0
27,47,74Co,0,31.3,ms,1.3,ﺧ٢ﻗ·؛,100.0,,15100.0,447.0
27,48,75Co,0,26.5,ms,1.2,ﺧ٢ﻗ·؛,100.0,,13600.0,447.0
27,45,72Co,0,51.9,ms,0.8,ﺧ٢ﻗ·؛,100.0,,13900.0,300.0
27,46,73Co,0,42,ms,0.7,ﺧ٢ﻗ·؛,100.0,,12100.0,300.0
27,49,76Co,0+X,16,ms,4,ﺧ٢ﻗ·؛,100.0,,16500.0,583.0
27,40,67Co,0,329,ms,28,ﺧ٢ﻗ·؛,100.0,,8420.0,7.06
27,43,70Co,0+X,114,ms,4,ﺧ٢ﻗ·؛,100.0,,12600.0,11.1
27,44,71Co,0,80,ms,2,ﺧ٢ﻗ·؛,100.0,,11000.0,465.0
27,41,68Co,0,222,ms,28,ﺧ٢ﻗ·؛,100.0,,11800.0,4.87
27,42,69Co,0,210,ms,9,ﺧ٢ﻗ·؛,100.0,,9590.0,85.7
27,50,77Co,0,13,ms,+7.2-4.3,ﺧ٢ﻗ·؛,100.0,,15400.0,721.0
27,36,63Co,0,26.9,s,0.4,ﺧ٢ﻗ·؛,100.0,,3660.0,18.5
27,37,64Co,0,300,ms,30,ﺧ٢ﻗ·؛,100.0,,7300.0,20.0
27,34,61Co,0,1.65,h,0.005,ﺧ٢ﻗ·؛,100.0,,1320.0,0.789
27,35,62Co,0,1.51,m,0.04,ﺧ٢ﻗ·؛,100.0,,5320.0,18.5
27,38,65Co,0,1.16,s,0.03,ﺧ٢ﻗ·؛,100.0,,5940.0,2.13
27,39,66Co,0,200,ms,15,ﺧ٢ﻗ·؛,100.0,,9590.0,14.0
27,33,60Co,0,5.271,y,+0.001-0.001,ﺧ٢ﻗ·؛,100.0,,2820.0,0.212
28,51,79Ni,0,43,ms,+8.6-7.5,ﺧ٢ﻗ·؛,100.0,,14200.0,511.0
28,52,80Ni,0,24,ms,+26-17,ﺧ٢ﻗ·؛,100.0,,13400.0,671.0
28,50,78Ni,0,122.2,ms,5.1,ﺧ٢ﻗ·؛,100.0,,9910.0,400.0
28,37,65Ni,0,2.5175,h,0.0005,ﺧ٢ﻗ·؛,100.0,,2130.0,0.699
28,38,66Ni,0,54.6,h,0.3,ﺧ٢ﻗ·؛,100.0,,251.0,1.54
28,35,63Ni,0,100.8,y,1.2,ﺧ٢ﻗ·؛,100.0,,66.9,0.0149
28,39,67Ni,0,21,s,1,ﺧ٢ﻗ·؛,100.0,,3570.0,3.02
28,48,76Ni,0,234.7,ms,2.7,ﺧ٢ﻗ·؛,100.0,,8790.0,300.0
28,49,77Ni,0,158.5,ms,4.2,ﺧ٢ﻗ·؛,100.0,,11500.0,400.0
28,46,74Ni,0,507.7,ms,4.6,ﺧ٢ﻗ·؛,100.0,,7300.0,200.0
28,47,75Ni,0,332.2,ms,3.1,ﺧ٢ﻗ·؛,100.0,,10200.0,200.0
28,40,68Ni,0,29,s,2,ﺧ٢ﻗ·؛,100.0,,2100.0,3.37
28,41,69Ni,0,11.4,s,0.3,ﺧ٢ﻗ·؛,100.0,,5750.0,3.97
28,44,72Ni,0,1.57,s,0.05,ﺧ٢ﻗ·؛,100.0,,5550.0,2.63
28,45,73Ni,0,838,ms,28,ﺧ٢ﻗ·؛,100.0,,8870.0,3.1
28,42,70Ni,0,6,s,0.3,ﺧ٢ﻗ·؛,100.0,,3760.0,2.4
28,43,71Ni,0,2.55,s,0.04,ﺧ٢ﻗ·؛,100.0,,7300.0,2.68
29,39,68Cu,0,30.8,s,0.6,ﺧ٢ﻗ·؛,100.0,,4440.0,1.76
29,38,67Cu,0,61.81,h,0.1,ﺧ٢ﻗ·؛,100.0,,560.0,0.829
29,37,66Cu,0,5.09,m,0.009,ﺧ٢ﻗ·؛,100.0,,2640.0,0.925
29,35,64Cu,0,12.7007,h,0.0013,ﺧ٢ﻗ·؛,38.5,0.3,579.0,0.644
29,49,78Cu,0,331.3,ms,1.9,ﺧ٢ﻗ·؛,100.0,,12600.0,13.4
29,48,77Cu,0,469.8,ms,1.8,ﺧ٢ﻗ·؛,100.0,,9920.0,2.31
29,47,76Cu,0,637,ms,8,ﺧ٢ﻗ·؛,100.0,,11300.0,1.71
29,42,71Cu,0,19.4,s,1.4,ﺧ٢ﻗ·؛,100.0,,4610.0,3.04
29,41,70Cu,0,44.5,s,0.3,ﺧ٢ﻗ·؛,100.0,,6580.0,2.2
29,40,69Cu,0,2.9,m,0.1,ﺧ٢ﻗ·؛,100.0,,2680.0,1.6
29,46,75Cu,0,1.224,s,0.003,ﺧ٢ﻗ·؛,100.0,,8080.0,2.08
29,45,74Cu,0,1.606,s,0.012,ﺧ٢ﻗ·؛,100.0,,9750.0,6.64
29,44,73Cu,0,4.2,s,0.12,ﺧ٢ﻗ·؛,100.0,,6600.0,2.69
29,43,72Cu,0,6.63,s,0.03,ﺧ٢ﻗ·؛,100.0,,8360.0,2.55
29,53,82Cu,0,33,ms,+7-6,ﺧ٢ﻗ·؛,100.0,,16500.0,400.0
29,52,81Cu,0,73.2,ms,6.8,ﺧ٢ﻗ·؛,100.0,,14200.0,300.0
29,51,80Cu,0,113.3,ms,6.4,ﺧ٢ﻗ·؛,100.0,,14900.0,300.0
29,50,79Cu,0,241,ms,3.3,ﺧ٢ﻗ·؛,100.0,,11000.0,105.0
30,53,83Zn,0,119,ms,16,ﺧ٢ﻗ·؛,100.0,,12900.0,300.0
30,52,82Zn,0,177.7,ms,2.5,ﺧ٢ﻗ·؛,100.0,,10600.0,3.91
30,54,84Zn,0,53.6,ms,8.1,ﺧ٢ﻗ·؛,100.0,,12200.0,401.0
30,51,81Zn,0,299.4,ms,4.2,ﺧ٢ﻗ·؛,100.0,,11400.0,5.99
30,50,80Zn,0,561.9,ms,2.9,ﺧ٢ﻗ·؛,100.0,,7570.0,3.87
30,42,72Zn,0,46.5,h,0.1,ﺧ٢ﻗ·؛,100.0,,442.0,2.29
30,41,71Zn,0,2.42,m,0.08,ﺧ٢ﻗ·؛,100.0,,2810.0,2.77
30,44,74Zn,0,96,s,1,ﺧ٢ﻗ·؛,100.0,,2290.0,3.91
30,43,73Zn,0,24.5,s,0.2,ﺧ٢ﻗ·؛,100.0,,4100.0,2.5
30,49,79Zn,0,746,ms,42,ﺧ٢ﻗ·؛,100.0,,9110.0,2.52
30,46,76Zn,0,5.3,s,0.4,ﺧ٢ﻗ·؛,100.0,,3990.0,2.43
30,45,75Zn,0,10.2,s,0.2,ﺧ٢ﻗ·؛,100.0,,5900.0,2.06
30,48,78Zn,0,1.47,s,0.15,ﺧ٢ﻗ·؛,100.0,,6220.0,2.2
30,47,77Zn,0,2.09,s,0.05,ﺧ٢ﻗ·؛,100.0,,7200.0,3.12
30,39,69Zn,0,56.4,m,0.7,ﺧ٢ﻗ·؛,100.0,,909.0,1.42
31,54,85Ga,0,95.1,ms,1.0,ﺧ٢ﻗ·؛,100.0,,13300.0,37.4
31,53,84Ga,0,97.6,ms,1.2,ﺧ٢ﻗ·؛,100.0,,14000.0,29.9
31,56,87Ga,0,29,ms,4,ﺧ٢ﻗ·؛,100.0,,14700.0,583.0
31,55,86Ga,0,49,ms,2,ﺧ٢ﻗ·؛,100.0,,15600.0,593.0
31,50,81Ga,0,1.217,s,0.005,ﺧ٢ﻗ·؛,100.0,,8660.0,3.85
31,52,83Ga,0,310,ms,1,ﺧ٢ﻗ·؛,100.0,,11700.0,3.55
31,51,82Ga,0,600,ms,4,ﺧ٢ﻗ·؛,100.0,,12400.0,3.29
31,43,74Ga,0,8.1,m,0.06,ﺧ٢ﻗ·؛,100.0,,5370.0,2.99
31,42,73Ga,0,4.87,h,0.02,ﺧ٢ﻗ·؛,100.0,,1590.0,1.67
31,45,76Ga,0,31,s,0.8,ﺧ٢ﻗ·؛,100.0,,6910.0,1.95
31,44,75Ga,0,126,s,2,ﺧ٢ﻗ·؛,100.0,,3390.0,0.672
31,41,72Ga,0,14.025,h,0.058,ﺧ٢ﻗ·؛,100.0,,3990.0,0.821
31,47,78Ga,0,5.09,s,0.05,ﺧ٢ﻗ·؛,100.0,,8150.0,3.68
31,46,77Ga,0,13.2,s,0.2,ﺧ٢ﻗ·؛,100.0,,5220.0,2.42
31,49,80Ga,0,1.9,s,0.1,ﺧ٢ﻗ·؛,100.0,,10300.0,3.54
31,48,79Ga,0,2.848,s,0.003,ﺧ٢ﻗ·؛,100.0,,6970.0,37.1
31,39,70Ga,0,21.14,m,0.03,ﺧ٢ﻗ·؛,99.59,0.05,1650.0,1.45
32,45,77Ge,0,11.211,h,0.003,ﺧ٢ﻗ·؛,100.0,,2700.0,1.69
32,46,78Ge,0,87,m,1,ﺧ٢ﻗ·؛,100.0,,954.0,10.3
32,43,75Ge,0,82.78,m,0.06,ﺧ٢ﻗ·؛,100.0,,1170.0,0.885
32,49,81Ge,0,6.4,s,0.2,ﺧ٢ﻗ·؛,100.0,,6240.0,3.34
32,47,79Ge,0,18.97,s,0.04,ﺧ٢ﻗ·؛,100.0,,4100.0,37.4
32,48,80Ge,0,29.5,s,0.4,ﺧ٢ﻗ·؛,100.0,,2670.0,3.91
32,56,88Ge,0,61,ms,6,ﺧ٢ﻗ·؛,100.0,,10900.0,447.0
32,54,86Ge,0,226,ms,21,ﺧ٢ﻗ·؛,100.0,,9560.0,437.0
32,55,87Ge,0,103,ms,4,ﺧ٢ﻗ·؛,100.0,,12000.0,300.0
32,52,84Ge,0,952,ms,8,ﺧ٢ﻗ·؛,100.0,,7700.0,4.47
32,53,85Ge,0,514,ms,17,ﺧ٢ﻗ·؛,100.0,,10000.0,4.83
32,50,82Ge,0,4.48,s,0.31,ﺧ٢ﻗ·؛,100.0,,4690.0,4.34
32,51,83Ge,0,1.85,s,0.06,ﺧ٢ﻗ·؛,100.0,,8690.0,3.69
33,50,83As,0,14.1,s,1.1,ﺧ٢ﻗ·؛,100.0,,5670.0,4.12
33,55,88As,0,200,ms,+200-90,ﺧ٢ﻗ·؛,100.0,,13400.0,200.0
33,53,86As,0,944,ms,8,ﺧ٢ﻗ·؛,100.0,,11500.0,4.26
33,54,87As,0,484,ms,26,ﺧ٢ﻗ·؛,100.0,,10800.0,3.72
33,51,84As,0,3.16,s,0.58,ﺧ٢ﻗ·؛,100.0,,10000.0,3.72
33,52,85As,0,2.023,s,0.007,ﺧ٢ﻗ·؛,100.0,,9220.0,4.03
33,46,79As,0,9.01,m,0.15,ﺧ٢ﻗ·؛,100.0,,2280.0,5.32
33,47,80As,0,15.2,s,0.2,ﺧ٢ﻗ·؛,100.0,,5540.0,3.44
33,44,77As,0,38.79,h,0.04,ﺧ٢ﻗ·؛,100.0,,683.0,1.69
33,45,78As,0,90.7,m,0.2,ﺧ٢ﻗ·؛,100.0,,4200.0,9.78
33,43,76As,0,26.24,h,0.09,ﺧ٢ﻗ·؛,100.0,,2960.0,0.886
33,41,74As,0,17.78,d,0.04,ﺧ٢ﻗ·؛,34.0,2.0,1350.0,1.69
33,48,81As,0,33.3,s,0.8,ﺧ٢ﻗ·؛,100.0,,3850.0,2.8
33,49,82As,0,19.1,s,0.5,ﺧ٢ﻗ·؛,100.0,,7480.0,3.75
34,50,84Se,0,3.3,m,0.1,ﺧ٢ﻗ·؛,100.0,,1830.0,25.7
34,51,85Se,0,32.9,s,0.3,ﺧ٢ﻗ·؛,100.0,,6160.0,4.03
34,56,90Se,0,195,ms,+95-65,ﺧ٢ﻗ·؛,100.0,,8200.0,329.0
34,57,91Se,0,270,ms,50,ﺧ٢ﻗ·؛,100.0,,10500.0,433.0
34,54,88Se,0,1.51,s,0.03,ﺧ٢ﻗ·؛,100.0,,6830.0,4.61
34,55,89Se,0,0.41,s,0.03,ﺧ٢ﻗ·؛,100.0,,9280.0,4.95
34,52,86Se,0,14.3,s,0.3,ﺧ٢ﻗ·؛,100.0,,5120.0,3.97
34,53,87Se,0,5.51,s,0.12,ﺧ٢ﻗ·؛,100.0,,7460.0,3.87
34,47,81Se,0,18.5,m,0.1,ﺧ٢ﻗ·؛,100.0,,1580.0,1.37
34,45,79Se,0,3.27e+05,y,2.86e+04,ﺧ٢ﻗ·؛,100.0,,150.0,1.01
34,49,83Se,0,22.25,m,0.05,ﺧ٢ﻗ·؛,100.0,,3670.0,4.83
35,52,87Br,0,55.68,s,0.12,ﺧ٢ﻗ·؛,100.0,,6810.0,3.18
35,51,86Br,0,55.1,s,0.4,ﺧ٢ﻗ·؛,100.0,,7630.0,3.07
35,50,85Br,0,2.94,m,0.06,ﺧ٢ﻗ·؛,100.0,,2900.0,3.67
35,59,94Br,0,70,ms,20,ﺧ٢ﻗ·؛,100.0,,13600.0,201.0
35,58,93Br,0,152,ms,8,ﺧ٢ﻗ·؛,100.0,,11200.0,430.0
35,57,92Br,0,344,ms,15,ﺧ٢ﻗ·؛,100.0,,12500.0,7.23
35,56,91Br,0,544,ms,10,ﺧ٢ﻗ·؛,100.0,,9860.0,4.18
35,55,90Br,0,1.91,s,0.01,ﺧ٢ﻗ·؛,100.0,,10900.0,3.83
35,54,89Br,0,4.348,s,0.022,ﺧ٢ﻗ·؛,100.0,,8260.0,3.9
35,53,88Br,0,16.34,s,0.08,ﺧ٢ﻗ·؛,100.0,,8970.0,4.1
35,49,84Br,0,31.76,m,0.07,ﺧ٢ﻗ·؛,100.0,,4650.0,25.7
35,48,83Br,0,2.374,h,0.004,ﺧ٢ﻗ·؛,100.0,,976.0,3.79
35,47,82Br,0,35.284,h,0.007,ﺧ٢ﻗ·؛,100.0,,3090.0,0.971
35,45,80Br,0,17.68,m,0.02,ﺧ٢ﻗ·؛,91.7,0.2,2000.0,1.14
35,43,78Br,0,6.45,m,0.03,ﺧ٢ﻗ·؛,0.01,,726.0,3.58
36,64,100Kr,0,7,ms,+11-3,ﺧ٢ﻗ·؛,100.0,,11700.0,400.0
36,63,99Kr,0,13,ms,+34-6,ﺧ٢ﻗ·؛,100.0,,12700.0,400.0
36,62,98Kr,0,43,ms,4,ﺧ٢ﻗ·؛,100.0,,10200.0,300.0
36,61,97Kr,0,62,ms,3,ﺧ٢ﻗ·؛,100.0,,11000.0,130.0
36,60,96Kr,0,80,ms,6,ﺧ٢ﻗ·؛,100.0,,8270.0,19.5
36,53,89Kr,0,3.147,m,0.035,ﺧ٢ﻗ·؛,100.0,,5170.0,5.83
36,52,88Kr,0,2.803,h,0.009,ﺧ٢ﻗ·؛,100.0,,2910.0,2.61
36,51,87Kr,0,76.09,m,0.36,ﺧ٢ﻗ·؛,100.0,,3880.0,0.246
36,59,95Kr,0,114,ms,7,ﺧ٢ﻗ·؛,100.0,,9730.0,27.5
36,58,94Kr,0,212,ms,4,ﺧ٢ﻗ·؛,100.0,,7210.0,12.2
36,57,93Kr,0,1.284,s,0.01,ﺧ٢ﻗ·؛,100.0,,8480.0,8.22
36,56,92Kr,0,1.841,s,0.008,ﺧ٢ﻗ·؛,100.0,,6000.0,6.69
36,55,91Kr,0,8.57,s,0.04,ﺧ٢ﻗ·؛,100.0,,6770.0,8.11
36,54,90Kr,0,32.32,s,0.09,ﺧ٢ﻗ·؛,100.0,,4400.0,6.71
36,49,85Kr,0,10.73,y,+0.01-0.01,ﺧ٢ﻗ·؛,100.0,,687.0,2.0
37,55,92Rb,0,4.48,s,0.03,ﺧ٢ﻗ·؛,100.0,,8090.0,6.41
37,56,93Rb,0,5.85,s,0.02,ﺧ٢ﻗ·؛,100.0,,7460.0,8.87
37,57,94Rb,0,2.704,s,0.005,ﺧ٢ﻗ·؛,100.0,,10200.0,2.62
37,58,95Rb,0,379.9,ms,1.6,ﺧ٢ﻗ·؛,100.0,,9220.0,20.2
37,59,96Rb,0,201.6,ms,1.0,ﺧ٢ﻗ·؛,100.0,,11500.0,9.1
37,50,87Rb,0,4.97e+10,y,3.20e+08,ﺧ٢ﻗ·؛,100.0,,282.0,0.0063
37,51,88Rb,0,17.775,m,0.017,ﺧ٢ﻗ·؛,100.0,,5310.0,0.159
37,52,89Rb,0,15.39,m,0.1,ﺧ٢ﻗ·؛,100.0,,4490.0,5.42
37,53,90Rb,0,158,s,4,ﺧ٢ﻗ·؛,100.0,,6580.0,6.48
37,54,91Rb,0,58,s,0.2,ﺧ٢ﻗ·؛,100.0,,5900.0,8.87
37,47,84Rb,0,32.82,d,0.07,ﺧ٢ﻗ·؛,3.9,2.0,890.0,2.33
37,49,86Rb,0,18.671,d,0.01,ﺧ٢ﻗ·؛,99.9948,0.0005,1770.0,0.2
37,66,103Rb,0,23,ms,+13-9,ﺧ٢ﻗ·؛,100.0,,14100.0,447.0
37,60,97Rb,0,169.1,ms,0.6,ﺧ٢ﻗ·؛,100.0,,10000.0,3.88
37,61,98Rb,0,115,ms,6,ﺧ٢ﻗ·؛,100.0,,12000.0,16.4
37,62,99Rb,0,53.8,ms,2.7,ﺧ٢ﻗ·؛,100.0,,11300.0,6.22
37,63,100Rb,0,52,ms,2,ﺧ٢ﻗ·؛,100.0,,13500.0,14.8
37,64,101Rb,0,32,ms,+4-3,ﺧ٢ﻗ·؛,100.0,,12700.0,22.1
37,65,102Rb,0,37,ms,4,ﺧ٢ﻗ·؛,100.0,,14900.0,106.0
38,67,105Sr,0,39,ms,5,ﺧ٢ﻗ·؛,100.0,,12300.0,640.0
38,68,106Sr,0,20,ms,+8-7,ﺧ٢ﻗ·؛,100.0,,11400.0,781.0
38,60,98Sr,0,653,ms,2,ﺧ٢ﻗ·؛,100.0,,5860.0,8.55
38,61,99Sr,0,269,ms,1,ﺧ٢ﻗ·؛,100.0,,8120.0,8.13
38,62,100Sr,0,201,ms,1,ﺧ٢ﻗ·؛,100.0,,7500.0,13.1
38,63,101Sr,0,114,ms,2,ﺧ٢ﻗ·؛,100.0,,9720.0,11.0
38,64,102Sr,0,72,ms,6,ﺧ٢ﻗ·؛,100.0,,9010.0,67.1
38,65,103Sr,0,56,ms,9,ﺧ٢ﻗ·؛,100.0,,11100.0,201.0
38,66,104Sr,0,51,ms,4,ﺧ٢ﻗ·؛,100.0,,10300.0,361.0
38,56,94Sr,0,75.3,s,0.2,ﺧ٢ﻗ·؛,100.0,,3500.0,6.42
38,57,95Sr,0,23.9,s,0.14,ﺧ٢ﻗ·؛,100.0,,6090.0,7.23
38,58,96Sr,0,1.065,s,0.015,ﺧ٢ﻗ·؛,100.0,,5410.0,9.72
38,59,97Sr,0,431,ms,5,ﺧ٢ﻗ·؛,100.0,,7530.0,7.51
38,51,89Sr,0,50.56,d,0.03,ﺧ٢ﻗ·؛,100.0,,1500.0,0.351
38,52,90Sr,0,28.91,y,+0.02-0.02,ﺧ٢ﻗ·؛,100.0,,545.0,1.4
38,53,91Sr,0,9.68,h,0.02,ﺧ٢ﻗ·؛,100.0,,2690.0,5.24
38,54,92Sr,0,2.61,h,0.02,ﺧ٢ﻗ·؛,100.0,,1940.0,9.38
38,55,93Sr,0,7.43,m,0.03,ﺧ٢ﻗ·؛,100.0,,4140.0,11.6
39,69,108Y,0,30,ms,5,ﺧ٢ﻗ·؛,100.0,,14100.0,721.0
39,68,107Y,0,33.5,ms,3.0,ﺧ٢ﻗ·؛,100.0,,12000.0,583.0
39,61,100Y,0,729,ms,8,ﺧ٢ﻗ·؛,100.0,,9050.0,13.8
39,60,99Y,0,1.483,s,0.006,ﺧ٢ﻗ·؛,100.0,,6970.0,12.4
39,63,102Y,0+X,396,ms,24,ﺧ٢ﻗ·؛,100.0,,10400.0,9.66
39,62,101Y,0,429,ms,19,ﺧ٢ﻗ·؛,100.0,,8100.0,10.9
39,65,104Y,0,197,ms,4,ﺧ٢ﻗ·؛,100.0,,11600.0,200.0
39,64,103Y,0,236,ms,12,ﺧ٢ﻗ·؛,100.0,,9350.0,14.5
39,67,106Y,0,81,ms,+8-5,ﺧ٢ﻗ·؛,100.0,,12900.0,539.0
39,66,105Y,0,107,ms,+6-9,ﺧ٢ﻗ·؛,100.0,,10800.0,400.0
39,70,109Y,0,25,ms,5,ﺧ٢ﻗ·؛,100.0,,13200.0,860.0
39,58,97Y,0,3.75,s,0.03,ﺧ٢ﻗ·؛,100.0,,6820.0,6.7
39,57,96Y,0,5.35,s,0.04,ﺧ٢ﻗ·؛,100.0,,7100.0,6.07
39,59,98Y,0,548,ms,1,ﺧ٢ﻗ·؛,100.0,,8990.0,11.5
39,52,91Y,0,58.56,d,0.09,ﺧ٢ﻗ·؛,100.0,,1540.0,1.84
39,51,90Y,0,64.046,h,0.049,ﺧ٢ﻗ·؛,100.0,,2270.0,0.372
39,54,93Y,0,10.17,h,0.08,ﺧ٢ﻗ·؛,100.0,,2890.0,10.4
39,53,92Y,0,3.54,h,0.01,ﺧ٢ﻗ·؛,100.0,,3640.0,9.12
39,56,95Y,0,10.4,m,0.1,ﺧ٢ﻗ·؛,100.0,,4450.0,6.77
39,55,94Y,0,18.7,m,0.1,ﺧ٢ﻗ·؛,100.0,,4910.0,6.37
40,69,109Zr,0,56,ms,3,ﺧ٢ﻗ·؛,100.0,,10900.0,660.0
40,68,108Zr,0,77.4,ms,2.2,ﺧ٢ﻗ·؛,100.0,,8590.0,400.0
40,67,107Zr,0,146,ms,4,ﺧ٢ﻗ·؛,100.0,,9700.0,300.0
40,66,106Zr,0,178,ms,6,ﺧ٢ﻗ·؛,100.0,,7450.0,200.0
40,61,101Zr,0,2.32,s,0.07,ﺧ٢ﻗ·؛,100.0,,5730.0,9.13
40,60,100Zr,0,7.1,s,0.4,ﺧ٢ﻗ·؛,100.0,,3410.0,11.3
40,65,105Zr,0,670,ms,28,ﺧ٢ﻗ·؛,100.0,,8450.0,12.7
40,64,104Zr,0,922,ms,28,ﺧ٢ﻗ·؛,100.0,,6090.0,9.48
40,63,103Zr,0,1.38,s,0.072,ﺧ٢ﻗ·؛,100.0,,7210.0,10.0
40,62,102Zr,0,2.01,s,0.08,ﺧ٢ﻗ·؛,100.0,,4710.0,9.05
40,58,98Zr,0,30.7,s,0.4,ﺧ٢ﻗ·؛,100.0,,2240.0,9.81
40,57,97Zr,0,16.749,h,0.008,ﺧ٢ﻗ·؛,100.0,,2660.0,4.24
40,55,95Zr,0,64.032,d,0.006,ﺧ٢ﻗ·؛,100.0,,1120.0,0.985
40,59,99Zr,0,2.1,s,0.1,ﺧ٢ﻗ·؛,100.0,,4710.0,15.9
40,53,93Zr,0,1.61e+06,y,5.14e+04,ﺧ٢ﻗ·؛,100.0,,90.8,1.48
40,72,112Zr,0,30,ms,+30-10,ﺧ٢ﻗ·؛,100.0,,11600.0,761.0
40,71,111Zr,0,24,ms,5,ﺧ٢ﻗ·؛,100.0,,12400.0,671.0
40,70,110Zr,0,37.6,ms,1.7,ﺧ٢ﻗ·؛,100.0,,10000.0,976.0
41,73,114Nb,0,17,ms,5,ﺧ٢ﻗ·؛,100.0,,14700.0,583.0
41,72,113Nb,0,32,ms,4,ﺧ٢ﻗ·؛,100.0,,12400.0,500.0
41,71,112Nb,0,38,ms,2,ﺧ٢ﻗ·؛,100.0,,13400.0,361.0
41,70,111Nb,0,54,ms,2,ﺧ٢ﻗ·؛,100.0,,10900.0,300.0
41,74,115Nb,0,23,ms,8,ﺧ٢ﻗ·؛,100.0,,13600.0,640.0
41,69,110Nb,0+X,75,ms,1,ﺧ٢ﻗ·؛,100.0,,12200.0,838.0
41,68,109Nb,0,107,ms,5,ﺧ٢ﻗ·؛,100.0,,9960.0,430.0
41,67,108Nb,0,194,ms,6,ﺧ٢ﻗ·؛,100.0,,11200.0,12.3
41,62,103Nb,0,1.36,s,0.05,ﺧ٢ﻗ·؛,100.0,,5920.0,10.0
41,61,102Nb,0,4.3,s,0.4,ﺧ٢ﻗ·؛,100.0,,7260.0,8.67
41,60,101Nb,0,7.2,s,0.2,ﺧ٢ﻗ·؛,100.0,,4620.0,3.73
41,66,107Nb,0,287,ms,8,ﺧ٢ﻗ·؛,100.0,,8820.0,12.2
41,65,106Nb,0,1.097,s,0.019,ﺧ٢ﻗ·؛,100.0,,9920.0,9.23
41,64,105Nb,0,2.92,s,0.09,ﺧ٢ﻗ·؛,100.0,,7410.0,9.91
41,63,104Nb,0,4.9,s,0.3,ﺧ٢ﻗ·؛,100.0,,8530.0,9.08
41,59,100Nb,0,1.4,s,0.1,ﺧ٢ﻗ·؛,100.0,,6400.0,7.98
41,58,99Nb,0,15,s,0.2,ﺧ٢ﻗ·؛,100.0,,3630.0,12.0
41,57,98Nb,0,2.86,s,0.06,ﺧ٢ﻗ·؛,100.0,,4590.0,5.0
41,56,97Nb,0,72.1,m,0.4,ﺧ٢ﻗ·؛,100.0,,1940.0,4.24
41,55,96Nb,0,23.35,h,0.05,ﺧ٢ﻗ·؛,100.0,,3190.0,0.107
41,54,95Nb,0,34.991,d,0.01,ﺧ٢ﻗ·؛,100.0,,925.0,0.493
41,53,94Nb,0,2.04e+04,y,3.85e+02,ﺧ٢ﻗ·؛,100.0,,2040.0,1.49
42,70,112Mo,0,125,ms,5,ﺧ٢ﻗ·؛,100.0,,7770.0,200.0
42,75,117Mo,0,22,ms,5,ﺧ٢ﻗ·؛,100.0,,12400.0,640.0
42,76,118Mo,0,19,ms,+7-4,ﺧ٢ﻗ·؛,100.0,,10900.0,640.0
42,71,113Mo,0,80,ms,2,ﺧ٢ﻗ·؛,100.0,,10100.0,300.0
42,72,114Mo,0,58,ms,2,ﺧ٢ﻗ·؛,100.0,,8920.0,527.0
42,73,115Mo,0,45.6,ms,2.0,ﺧ٢ﻗ·؛,100.0,,11200.0,445.0
42,74,116Mo,0,32,ms,4,ﺧ٢ﻗ·؛,100.0,,10000.0,582.0
42,68,110Mo,0,287,ms,10,ﺧ٢ﻗ·؛,100.0,,6490.0,26.0
42,69,111Mo,0,186,ms,9,ﺧ٢ﻗ·؛,100.0,,9080.0,6.79
42,64,106Mo,0,8.73,s,0.12,ﺧ٢ﻗ·؛,100.0,,3640.0,15.2
42,65,107Mo,0,3.5,s,0.5,ﺧ٢ﻗ·؛,100.0,,6200.0,12.6
42,66,108Mo,0,1.106,s,0.01,ﺧ٢ﻗ·؛,100.0,,5170.0,12.7
42,67,109Mo,0,700,ms,14,ﺧ٢ﻗ·؛,100.0,,7620.0,14.7
42,60,102Mo,0,11.3,m,0.2,ﺧ٢ﻗ·؛,100.0,,1010.0,12.3
42,61,103Mo,0,67.5,s,1.5,ﺧ٢ﻗ·؛,100.0,,3640.0,13.4
42,62,104Mo,0,59.4,s,1.1,ﺧ٢ﻗ·؛,100.0,,2150.0,24.1
42,63,105Mo,0,36.3,s,0.8,ﺧ٢ﻗ·؛,100.0,,4950.0,35.0
42,57,99Mo,0,65.936,h,0.009,ﺧ٢ﻗ·؛,100.0,,1350.0,0.89
42,59,101Mo,0,14.61,m,0.03,ﺧ٢ﻗ·؛,100.0,,2820.0,24.0
43,58,101Tc,0,14.123,m,0.091,ﺧ٢ﻗ·؛,100.0,,1610.0,24.0
43,59,102Tc,0,5.28,s,0.15,ﺧ٢ﻗ·؛,100.0,,4530.0,9.16
43,55,98Tc,0,4.20e+06,y,3.00e+05,ﺧ٢ﻗ·؛,100.0,,1790.0,7.15
43,56,99Tc,0,2.11e+05,y,1.20e+03,ﺧ٢ﻗ·؛,100.0,,297.0,0.945
43,57,100Tc,0,15.65,s,0.12,ﺧ٢ﻗ·؛,99.9974,0.0004,3200.0,1.37
43,70,113Tc,0,152,ms,8,ﺧ٢ﻗ·؛,100.0,,9050.0,38.4
43,71,114Tc,0+X,118,ms,8,ﺧ٢ﻗ·؛,100.0,,11600.0,433.0
43,76,119Tc,0,22,ms,3,ﺧ٢ﻗ·؛,100.0,,11900.0,583.0
43,77,120Tc,0,21,ms,5,ﺧ٢ﻗ·؛,100.0,,14700.0,640.0
43,78,121Tc,0,22,ms,6,ﺧ٢ﻗ·؛,100.0,,13000.0,640.0
43,72,115Tc,0,78,ms,2,ﺧ٢ﻗ·؛,100.0,,10300.0,197.0
43,73,116Tc,0,57,ms,3,ﺧ٢ﻗ·؛,100.0,,12800.0,298.0
43,74,117Tc,0,44.5,ms,3.0,ﺧ٢ﻗ·؛,100.0,,11300.0,589.0
43,75,118Tc,0,30,ms,4,ﺧ٢ﻗ·؛,100.0,,13700.0,447.0
43,69,112Tc,0,323,ms,6,ﺧ٢ﻗ·؛,100.0,,10300.0,11.0
43,60,103Tc,0,54.2,s,0.8,ﺧ٢ﻗ·؛,100.0,,2660.0,9.8
43,65,108Tc,0,5.15,s,0.07,ﺧ٢ﻗ·؛,100.0,,7730.0,11.7
43,66,109Tc,0,0.88,s,0.03,ﺧ٢ﻗ·؛,100.0,,6450.0,12.6
43,67,110Tc,0,0.911,s,0.013,ﺧ٢ﻗ·؛,100.0,,9030.0,12.5
43,68,111Tc,0,350,ms,21,ﺧ٢ﻗ·؛,100.0,,7760.0,13.8
43,61,104Tc,0,18.2,m,0.2,ﺧ٢ﻗ·؛,100.0,,5590.0,24.9
43,62,105Tc,0,7.64,m,0.06,ﺧ٢ﻗ·؛,100.0,,3640.0,35.2
43,63,106Tc,0,35.7,s,0.5,ﺧ٢ﻗ·؛,100.0,,6540.0,11.0
43,64,107Tc,0,21.2,s,0.2,ﺧ٢ﻗ·؛,100.0,,5110.0,11.7
44,80,124Ru,0,15,ms,3,ﺧ٢ﻗ·؛,100.0,,11100.0,721.0
44,70,114Ru,0,543,ms,34,ﺧ٢ﻗ·؛,100.0,,5480.0,71.6
44,72,116Ru,0,203,ms,5,ﺧ٢ﻗ·؛,100.0,,6660.0,73.9
44,71,115Ru,0,318,ms,19,ﺧ٢ﻗ·؛,100.0,,8120.0,26.1
44,78,122Ru,0,25,ms,1,ﺧ٢ﻗ·؛,100.0,,10000.0,583.0
44,77,121Ru,0,30,ms,3,ﺧ٢ﻗ·؛,100.0,,11600.0,737.0
44,79,123Ru,0,19,ms,2,ﺧ٢ﻗ·؛,100.0,,12600.0,640.0
44,74,118Ru,0,99,ms,3,ﺧ٢ﻗ·؛,100.0,,7880.0,202.0
44,73,117Ru,0,152,ms,3,ﺧ٢ﻗ·؛,100.0,,9400.0,433.0
44,76,120Ru,0,45,ms,2,ﺧ٢ﻗ·؛,100.0,,8890.0,447.0
44,75,119Ru,0,69.2,ms,2.0,ﺧ٢ﻗ·؛,100.0,,10700.0,300.0
44,61,105Ru,0,4.44,h,0.01,ﺧ٢ﻗ·؛,100.0,,1910.0,2.85
44,67,111Ru,0,2.12,s,0.07,ﺧ٢ﻗ·؛,100.0,,5510.0,11.8
44,66,110Ru,0,12.04,s,0.17,ﺧ٢ﻗ·؛,100.0,,2750.0,19.4
44,69,113Ru,0,0.8,s,0.05,ﺧ٢ﻗ·؛,100.0,,6890.0,38.9
44,68,112Ru,0,1.75,s,0.07,ﺧ٢ﻗ·؛,100.0,,4100.0,45.1
44,63,107Ru,0,3.73,m,0.06,ﺧ٢ﻗ·؛,100.0,,3000.0,14.8
44,62,106Ru,0,371.8,d,1.8,ﺧ٢ﻗ·؛,100.0,,39.4,0.212
44,65,109Ru,0,34.4,s,0.2,ﺧ٢ﻗ·؛,100.0,,4260.0,9.82
44,64,108Ru,0,4.55,m,0.04,ﺧ٢ﻗ·؛,100.0,,1360.0,16.4
44,59,103Ru,0,39.247,d,0.011,ﺧ٢ﻗ·؛,100.0,,764.0,2.25
45,82,127Rh,0,20,ms,+20-7,ﺧ٢ﻗ·؛,100.0,,13400.0,781.0
45,81,126Rh,0,19,ms,3,ﺧ٢ﻗ·؛,100.0,,14500.0,640.0
45,80,125Rh,0,26.5,ms,2.0,ﺧ٢ﻗ·؛,100.0,,12100.0,640.0
45,71,116Rh,0,685,ms,38,ﺧ٢ﻗ·؛,100.0,,9090.0,74.1
45,70,115Rh,0,0.99,s,0.05,ﺧ٢ﻗ·؛,100.0,,6190.0,15.3
45,73,118Rh,0,286,ms,8,ﺧ٢ﻗ·؛,100.0,,10500.0,24.3
45,72,117Rh,0,421,ms,30,ﺧ٢ﻗ·؛,100.0,,7520.0,11.4
45,79,124Rh,0,32,ms,2,ﺧ٢ﻗ·؛,100.0,,13600.0,500.0
45,78,123Rh,0,42.2,ms,1.6,ﺧ٢ﻗ·؛,100.0,,11200.0,885.0
45,75,120Rh,0,133,ms,4,ﺧ٢ﻗ·؛,100.0,,11600.0,200.0
45,74,119Rh,0,189,ms,5,ﺧ٢ﻗ·؛,100.0,,8580.0,12.4
45,77,122Rh,0,52.3,ms,1.5,ﺧ٢ﻗ·؛,100.0,,12700.0,301.0
45,76,121Rh,0,73,ms,2,ﺧ٢ﻗ·؛,100.0,,9930.0,619.0
45,60,105Rh,0,35.341,h,0.022,ﺧ٢ﻗ·؛,100.0,,566.0,2.34
45,62,107Rh,0,21.7,m,0.7,ﺧ٢ﻗ·؛,100.0,,1500.0,12.1
45,61,106Rh,0,30.07,s,0.35,ﺧ٢ﻗ·؛,100.0,,3540.0,5.33
45,68,113Rh,0,2.8,s,0.12,ﺧ٢ﻗ·؛,100.0,,4820.0,9.88
45,67,112Rh,0,3.5,s,0.4,ﺧ٢ﻗ·؛,100.0,,6580.0,43.9
45,69,114Rh,0,1.82,s,0.05,ﺧ٢ﻗ·؛,100.0,,7780.0,71.8
45,64,109Rh,0,80.8,s,0.6,ﺧ٢ﻗ·؛,100.0,,2600.0,4.18
45,63,108Rh,0,17,s,0.4,ﺧ٢ﻗ·؛,100.0,,4490.0,14.0
45,66,111Rh,0,11,s,1,ﺧ٢ﻗ·؛,100.0,,3680.0,6.88
45,65,110Rh,0,3.3,s,0.1,ﺧ٢ﻗ·؛,100.0,,5500.0,17.7
45,57,102Rh,0,207.3,d,1.2,ﺧ٢ﻗ·؛,22.0,5.0,1110.0,6.39
45,59,104Rh,0,42.3,s,0.4,ﺧ٢ﻗ·؛,99.55,0.1,2430.0,2.65
46,83,129Pd,0,31,ms,7,ﺧ٢ﻗ·؛,100.0,,13900.0,721.0
46,82,128Pd,0,36,ms,5,ﺧ٢ﻗ·؛,100.0,,10300.0,583.0
46,81,127Pd,0,38,ms,2,ﺧ٢ﻗ·؛,100.0,,11400.0,539.0
46,80,126Pd,0,48.6,ms,0.6,ﺧ٢ﻗ·؛,100.0,,8930.0,447.0
46,72,118Pd,0,1.9,s,0.1,ﺧ٢ﻗ·؛,100.0,,4160.0,3.54
46,71,117Pd,0,4.3,s,0.3,ﺧ٢ﻗ·؛,100.0,,5750.0,14.7
46,74,120Pd,0,492,ms,33,ﺧ٢ﻗ·؛,100.0,,5370.0,5.02
46,73,119Pd,0,0.88,s,0.02,ﺧ٢ﻗ·؛,100.0,,7230.0,16.8
46,70,116Pd,0,11.7,s,0.6,ﺧ٢ﻗ·؛,100.0,,2710.0,7.84
46,79,125Pd,0,64.2,ms,1.7,ﺧ٢ﻗ·؛,100.0,,10500.0,589.0
46,76,122Pd,0,195,ms,4,ﺧ٢ﻗ·؛,100.0,,6480.0,42.9
46,75,121Pd,0,290,ms,1,ﺧ٢ﻗ·؛,100.0,,8220.0,12.5
46,78,124Pd,0,94,ms,4,ﺧ٢ﻗ·؛,100.0,,7830.0,391.0
46,77,123Pd,0,109,ms,2,ﺧ٢ﻗ·؛,100.0,,9130.0,790.0
46,61,107Pd,0,6.50e+06,y,3.00e+05,ﺧ٢ﻗ·؛,100.0,,34.0,2.31
46,63,109Pd,0,13.437,h,0.013,ﺧ٢ﻗ·؛,100.0,,1110.0,1.4
46,69,115Pd,0,25,s,2,ﺧ٢ﻗ·؛,100.0,,4550.0,21.6
46,68,114Pd,0,2.42,m,0.06,ﺧ٢ﻗ·؛,100.0,,1440.0,8.31
46,65,111Pd,0,23.6,m,0.1,ﺧ٢ﻗ·؛,100.0,,2220.0,1.57
46,67,113Pd,0,89,s,3,ﺧ٢ﻗ·؛,100.0,,3430.0,18.0
46,66,112Pd,0,21.027,h,0.019,ﺧ٢ﻗ·؛,100.0,,262.0,6.97
47,85,132Ag,0,28,ms,+15-12,ﺧ٢ﻗ·؛,100.0,,16000.0,504.0
47,83,130Ag,0,41,ms,4,ﺧ٢ﻗ·؛,100.0,,15200.0,425.0
47,84,131Ag,0,35,ms,8,ﺧ٢ﻗ·؛,100.0,,14400.0,501.0
47,81,128Ag,0,66.6,ms,2.4,ﺧ٢ﻗ·؛,100.0,,12500.0,300.0
47,82,129Ag,0,52,ms,2,ﺧ٢ﻗ·؛,100.0,,11200.0,400.0
47,80,127Ag,0,89.1,ms,0.9,ﺧ٢ﻗ·؛,100.0,,10000.0,200.0
47,74,121Ag,0,0.781,s,0.015,ﺧ٢ﻗ·؛,100.0,,6670.0,12.2
47,75,122Ag,0.08,0.2,s,0.05,ﺧ٢ﻗ·؛,100.0,,9500.0,38.2
47,72,119Ag,0,6,s,0.5,ﺧ٢ﻗ·؛,100.0,,5330.0,35.9
47,73,120Ag,0,1.52,s,0.07,ﺧ٢ﻗ·؛,100.0,,8300.0,5.82
47,70,117Ag,0,72.8,s,+2.0-0.7,ﺧ٢ﻗ·؛,100.0,,4230.0,13.6
47,71,118Ag,0,3.87,s,0.09,ﺧ٢ﻗ·؛,100.0,,7140.0,20.1
47,78,125Ag,0,176,ms,3,ﺧ٢ﻗ·؛,100.0,,8820.0,433.0
47,79,126Ag,0+X,52,ms,10,ﺧ٢ﻗ·؛,100.0,,11500.0,200.0
47,76,123Ag,0,300,ms,8,ﺧ٢ﻗ·؛,100.0,,7840.0,32.7
47,77,124Ag,0,182,ms,4,ﺧ٢ﻗ·؛,100.0,,10400.0,251.0
47,63,110Ag,0,24.56,s,0.11,ﺧ٢ﻗ·؛,99.7,0.06,2890.0,1.27
47,64,111Ag,0,7.421,d,0.01,ﺧ٢ﻗ·؛,100.0,,1030.0,1.41
47,61,108Ag,0,2.39,m,0.01,ﺧ٢ﻗ·؛,97.15,0.2,1640.0,2.63
47,69,116Ag,0,3.83,m,0.08,ﺧ٢ﻗ·؛,100.0,,6160.0,3.26
47,67,114Ag,0,4.59,s,0.1,ﺧ٢ﻗ·؛,100.0,,5080.0,4.57
47,68,115Ag,0,20,m,0.5,ﺧ٢ﻗ·؛,100.0,,3100.0,18.2
47,65,112Ag,0,3.15,h,0.01,ﺧ٢ﻗ·؛,100.0,,3990.0,2.43
47,66,113Ag,0,5.37,h,0.05,ﺧ٢ﻗ·؛,100.0,,2010.0,16.6
47,59,106Ag,0,23.96,m,0.04,ﺧ٢ﻗ·؛,1.0,,189.0,2.81
48,65,113Cd,0,8.04e+15,y,5.00e+13,ﺧ٢ﻗ·؛,100.0,,323.0,0.265
48,69,117Cd,0,2.503,h,0.005,ﺧ٢ﻗ·؛,100.0,,2520.0,4.98
48,67,115Cd,0,53.4,h,0.04,ﺧ٢ﻗ·؛,100.0,,1450.0,0.651
48,86,134Cd,0,65,ms,15,ﺧ٢ﻗ·؛,100.0,,12500.0,361.0
48,84,132Cd,0,84,ms,5,ﺧ٢ﻗ·؛,100.0,,11900.0,84.9
48,85,133Cd,0,61,ms,6,ﺧ٢ﻗ·؛,100.0,,13500.0,283.0
48,82,130Cd,0,129,ms,3,ﺧ٢ﻗ·؛,100.0,,8780.0,22.4
48,83,131Cd,0,98,ms,2,ﺧ٢ﻗ·؛,100.0,,12800.0,19.3
48,80,128Cd,0,245.9,ms,1.9,ﺧ٢ﻗ·؛,100.0,,6950.0,6.56
48,81,129Cd,0,151,ms,4,ﺧ٢ﻗ·؛,100.0,,9710.0,5.66
48,75,123Cd,0,2.1,s,0.02,ﺧ٢ﻗ·؛,100.0,,6010.0,19.8
48,76,124Cd,0,1.25,s,0.02,ﺧ٢ﻗ·؛,100.0,,4160.0,30.5
48,73,121Cd,0,13.5,s,0.3,ﺧ٢ﻗ·؛,100.0,,4760.0,27.4
48,74,122Cd,0,5.24,s,0.03,ﺧ٢ﻗ·؛,100.0,,2950.0,50.1
48,71,119Cd,0,2.69,m,0.02,ﺧ٢ﻗ·؛,100.0,,3720.0,38.0
48,72,120Cd,0,50.8,s,0.21,ﺧ٢ﻗ·؛,100.0,,1770.0,40.1
48,70,118Cd,0,50.3,m,0.2,ﺧ٢ﻗ·؛,100.0,,526.0,21.4
48,79,127Cd,0,0.45,s,+0.12-0.08,ﺧ٢ﻗ·؛,100.0,,8130.0,11.7
48,77,125Cd,0,680,ms,40,ﺧ٢ﻗ·؛,100.0,,7060.0,3.38
48,78,126Cd,0,512,ms,5,ﺧ٢ﻗ·؛,100.0,,5550.0,4.78
49,88,137In,0,65,ms,+40-30,ﺧ٢ﻗ·؛,100.0,,14300.0,500.0
49,87,136In,0,85,ms,+10-8,ﺧ٢ﻗ·؛,100.0,,15200.0,361.0
49,86,135In,0,97,ms,5,ﺧ٢ﻗ·؛,100.0,,13500.0,300.0
49,85,134In,0,121,ms,5,ﺧ٢ﻗ·؛,100.0,,14400.0,200.0
49,84,133In,0,162,ms,2,ﺧ٢ﻗ·؛,100.0,,13100.0,200.0
49,83,132In,0,200,ms,2,ﺧ٢ﻗ·؛,100.0,,14100.0,60.0
49,82,131In,0,261,ms,3,ﺧ٢ﻗ·؛,100.0,,9240.0,4.23
49,81,130In,0,277,ms,12,ﺧ٢ﻗ·؛,100.0,,10200.0,2.59
49,80,129In,0,629,ms,24,ﺧ٢ﻗ·؛,100.0,,7750.0,17.2
49,77,126In,0,1.53,s,0.01,ﺧ٢ﻗ·؛,100.0,,8200.0,11.4
49,76,125In,0,2.36,s,0.04,ﺧ٢ﻗ·؛,100.0,,5480.0,2.21
49,75,124In,0,3.12,s,0.09,ﺧ٢ﻗ·؛,100.0,,7360.0,30.5
49,74,123In,0,6.15,s,0.27,ﺧ٢ﻗ·؛,100.0,,4380.0,19.8
49,73,122In,0,1.5,s,0.3,ﺧ٢ﻗ·؛,100.0,,6360.0,50.0
49,72,121In,0,23.1,s,0.6,ﺧ٢ﻗ·؛,100.0,,3360.0,27.4
49,71,120In,0,3.08,s,0.08,ﺧ٢ﻗ·؛,100.0,,5370.0,40.0
49,70,119In,0,2.4,m,0.1,ﺧ٢ﻗ·؛,100.0,,2360.0,7.33
49,79,128In,0,0.84,s,0.06,ﺧ٢ﻗ·؛,100.0,,9170.0,17.7
49,78,127In,0,1.087,s,0.011,ﺧ٢ﻗ·؛,100.0,,6580.0,12.0
49,66,115In,0,4.41e+14,y,2.50e+13,ﺧ٢ﻗ·؛,100.0,,497.0,0.0097
49,65,114In,0,71.9,s,0.1,ﺧ٢ﻗ·؛,99.5,0.15,1980.0,0.301
49,63,112In,0,14.88,m,0.15,ﺧ٢ﻗ·؛,38.0,4.0,664.0,4.24
49,69,118In,0,5.4,s,0.3,ﺧ٢ﻗ·؛,100.0,,4420.0,7.73
49,68,117In,0,43.2,m,0.3,ﺧ٢ﻗ·؛,100.0,,1450.0,4.85
49,67,116In,0,14.1,s,0.05,ﺧ٢ﻗ·؛,99.9762,0.0042,3270.0,0.239
50,71,121Sn,0,27.05,h,0.04,ﺧ٢ﻗ·؛,100.0,,402.0,2.52
50,73,123Sn,0,129.2,d,0.4,ﺧ٢ﻗ·؛,100.0,,1400.0,2.42
50,75,125Sn,0,9.634,d,0.015,ﺧ٢ﻗ·؛,100.0,,2360.0,2.16
50,77,127Sn,0,2.1,h,0.03,ﺧ٢ﻗ·؛,100.0,,3220.0,10.1
50,76,126Sn,0,1.98e+05,y,6.00e+03,ﺧ٢ﻗ·؛,100.0,,378.0,30.0
50,79,129Sn,0,2.23,m,0.04,ﺧ٢ﻗ·؛,100.0,,4030.0,27.3
50,78,128Sn,0,59.6,m,0.3,ﺧ٢ﻗ·؛,100.0,,1260.0,13.3
50,80,130Sn,0,3.73,m,0.06,ﺧ٢ﻗ·؛,100.0,,2150.0,14.1
50,82,132Sn,0,39.7,s,0.5,ﺧ٢ﻗ·؛,100.0,,3080.0,3.16
50,81,131Sn,0,56,s,0.5,ﺧ٢ﻗ·؛,100.0,,4710.0,3.96
50,84,134Sn,0,1.024,s,0.058,ﺧ٢ﻗ·؛,100.0,,7580.0,4.41
50,83,133Sn,0,1.38,s,0.07,ﺧ٢ﻗ·؛,100.0,,8040.0,3.66
50,86,136Sn,0,355,ms,13,ﺧ٢ﻗ·؛,100.0,,8330.0,200.0
50,85,135Sn,0,515,ms,5,ﺧ٢ﻗ·؛,100.0,,9050.0,4.05
50,88,138Sn,0,148,ms,9,ﺧ٢ﻗ·؛,100.0,,9140.0,500.0
50,87,137Sn,0,228,ms,16,ﺧ٢ﻗ·؛,100.0,,9910.0,304.0
50,89,139Sn,0,120,ms,38,ﺧ٢ﻗ·؛,100.0,,10700.0,565.0
51,71,122Sb,0,2.69413,d,0.00032,ﺧ٢ﻗ·؛,97.59,0.12,1970.0,2.12
51,74,125Sb,0,2.7577,y,+0.0008-0.0008,ﺧ٢ﻗ·؛,100.0,,766.0,2.12
51,73,124Sb,0,60.209,d,0.01,ﺧ٢ﻗ·؛,100.0,,2900.0,0.131
51,76,127Sb,0,3.84,d,0.03,ﺧ٢ﻗ·؛,100.0,,1580.0,4.91
51,75,126Sb,0,12.3,d,0.1,ﺧ٢ﻗ·؛,100.0,,3670.0,31.8
51,78,129Sb,0,4.4,h,0.02,ﺧ٢ﻗ·؛,100.0,,2370.0,21.2
51,77,128Sb,0,9.05,h,0.04,ﺧ٢ﻗ·؛,100.0,,4360.0,18.7
51,79,130Sb,0,40.5,m,0.4,ﺧ٢ﻗ·؛,100.0,,5060.0,14.2
51,81,132Sb,0,2.79,m,0.05,ﺧ٢ﻗ·؛,100.0,,5550.0,4.27
51,80,131Sb,0,23.03,m,0.04,ﺧ٢ﻗ·؛,100.0,,3220.0,2.08
51,83,134Sb,0,675,ms,5,ﺧ٢ﻗ·؛,100.0,,8510.0,4.12
51,82,133Sb,0,2.41,m,0.08,ﺧ٢ﻗ·؛,100.0,,4010.0,3.51
51,85,136Sb,0,924,ms,14,ﺧ٢ﻗ·؛,100.0,,9910.0,6.25
51,84,135Sb,0,1.668,s,0.009,ﺧ٢ﻗ·؛,100.0,,8030.0,3.15
51,87,138Sb,0,314,ms,5,ﺧ٢ﻗ·؛,100.0,,11000.0,300.0
51,86,137Sb,0,506,ms,17,ﺧ٢ﻗ·؛,100.0,,9240.0,52.2
51,89,140Sb,0,171,ms,6,ﺧ٢ﻗ·؛,100.0,,11900.0,600.0
51,88,139Sb,0,182,ms,9,ﺧ٢ﻗ·؛,100.0,,10100.0,400.0
51,90,141Sb,0,103,ms,29,ﺧ٢ﻗ·؛,100.0,,11100.0,640.0
51,91,142Sb,0,53,ms,+69-31,ﺧ٢ﻗ·؛,100.0,,12900.0,583.0
52,77,129Te,0,69.5,m,0.4,ﺧ٢ﻗ·؛,100.0,,1500.0,3.13
52,75,127Te,0,9.35,h,0.06,ﺧ٢ﻗ·؛,100.0,,702.0,3.56
52,79,131Te,0,25,m,0.1,ﺧ٢ﻗ·؛,100.0,,2230.0,0.607
52,80,132Te,0,3.204,d,0.013,ﺧ٢ﻗ·؛,100.0,,515.0,3.48
52,83,135Te,0,19,s,0.2,ﺧ٢ﻗ·؛,100.0,,6050.0,2.68
52,84,136Te,0,17.66,s,0.08,ﺧ٢ﻗ·؛,100.0,,5110.0,14.1
52,81,133Te,0,12.5,m,0.3,ﺧ٢ﻗ·؛,100.0,,2920.0,6.25
52,82,134Te,0,41.8,m,0.8,ﺧ٢ﻗ·؛,100.0,,1500.0,4.93
52,87,139Te,0,0.724,s,0.081,ﺧ٢ﻗ·؛,100.0,,8260.0,5.34
52,88,140Te,0,351,ms,5,ﺧ٢ﻗ·؛,100.0,,7230.0,18.7
52,85,137Te,0,2.48,s,0.03,ﺧ٢ﻗ·؛,100.0,,7050.0,8.64
52,86,138Te,0,1.46,s,0.25,ﺧ٢ﻗ·؛,100.0,,6280.0,7.06
52,89,141Te,0,193,ms,16,ﺧ٢ﻗ·؛,100.0,,9250.0,400.0
52,90,142Te,0,147,ms,7,ﺧ٢ﻗ·؛,100.0,,8250.0,500.0
52,91,143Te,0,120,ms,8,ﺧ٢ﻗ·؛,100.0,,10200.0,539.0
52,92,144Te,0,93,ms,60,ﺧ٢ﻗ·؛,100.0,,9110.0,500.0
53,73,126I,0,12.93,d,0.05,ﺧ٢ﻗ·؛,47.3,0.5,1230.0,3.77
53,77,130I,0,12.36,h,0.01,ﺧ٢ﻗ·؛,100.0,,2940.0,3.15
53,78,131I,0,8.0247,d,0.0015,ﺧ٢ﻗ·؛,100.0,,970.0,0.604
53,75,128I,0,25,m,0.02,ﺧ٢ﻗ·؛,93.1,0.8,2120.0,3.62
53,76,129I,0,1.61e+07,y,1.75e+05,ﺧ٢ﻗ·؛,100.0,,188.0,3.15
53,79,132I,0,2.2839,h,0.0017,ﺧ٢ﻗ·؛,100.0,,3570.0,4.06
53,80,133I,0,20.8,h,0.1,ﺧ٢ﻗ·؛,100.0,,1780.0,6.37
53,81,134I,0,52.6,m,0.2,ﺧ٢ﻗ·؛,100.0,,4080.0,4.85
53,84,137I,0,24.13,s,0.12,ﺧ٢ﻗ·؛,100.0,,6020.0,8.38
53,85,138I,0,6.303,s,0.041,ﺧ٢ﻗ·؛,100.0,,7990.0,6.58
53,82,135I,0,6.55,h,0.03,ﺧ٢ﻗ·؛,100.0,,2630.0,3.82
53,83,136I,0,83.4,s,0.4,ﺧ٢ﻗ·؛,100.0,,6880.0,14.1
53,88,141I,0,418,ms,8,ﺧ٢ﻗ·؛,100.0,,8270.0,16.0
53,89,142I,0,235,ms,11,ﺧ٢ﻗ·؛,100.0,,10400.0,5.62
53,86,139I,0,2.29,s,0.02,ﺧ٢ﻗ·؛,100.0,,7170.0,4.54
53,87,140I,0,380,ms,20,ﺧ٢ﻗ·؛,100.0,,9380.0,12.3
53,91,144I,0,94,ms,8,ﺧ٢ﻗ·؛,100.0,,11500.0,400.0
53,92,145I,0,89.7,ms,9.3,ﺧ٢ﻗ·؛,100.0,,10300.0,500.0
53,90,143I,0,182,ms,8,ﺧ٢ﻗ·؛,100.0,,9410.0,200.0
53,93,146I,0,94,ms,26,ﺧ٢ﻗ·؛,100.0,,12400.0,301.0
54,79,133Xe,0,5.2474,d,0.0005,ﺧ٢ﻗ·؛,100.0,,427.0,2.4
54,81,135Xe,0,9.168,h,0.007,ﺧ٢ﻗ·؛,100.0,,1160.0,3.66
54,86,140Xe,0,13.6,s,0.1,ﺧ٢ﻗ·؛,100.0,,4060.0,8.52
54,85,139Xe,0,39.72,s,0.13,ﺧ٢ﻗ·؛,100.0,,5050.0,3.79
54,84,138Xe,0,14.14,m,0.05,ﺧ٢ﻗ·؛,100.0,,2910.0,9.57
54,83,137Xe,0,3.821,m,0.011,ﺧ٢ﻗ·؛,100.0,,4160.0,0.319
54,89,143Xe,0,511,ms,6,ﺧ٢ﻗ·؛,100.0,,7470.0,8.89
54,88,142Xe,0,1.227,s,0.017,ﺧ٢ﻗ·؛,100.0,,5280.0,7.56
54,87,141Xe,0,1.72,s,0.013,ﺧ٢ﻗ·؛,100.0,,6280.0,9.63
54,93,147Xe,0,88,ms,14,ﺧ٢ﻗ·؛,100.0,,9520.0,200.0
54,92,146Xe,0,146,ms,5,ﺧ٢ﻗ·؛,100.0,,7350.0,24.3
54,91,145Xe,0,188,ms,4,ﺧ٢ﻗ·؛,100.0,,8560.0,14.3
54,90,144Xe,0,388,ms,7,ﺧ٢ﻗ·؛,100.0,,6390.0,20.8
54,94,148Xe,0,85,ms,15,ﺧ٢ﻗ·؛,100.0,,8260.0,300.0
55,75,130Cs,0,29.2,m,0.04,ﺧ٢ﻗ·؛,1.6,,357.0,8.36
55,79,134Cs,0,2.0656,y,0.0005,ﺧ٢ﻗ·؛,99.9997,0.0001,2050.0,0.25
55,77,132Cs,0,6.48,d,0.006,ﺧ٢ﻗ·؛,1.87,0.09,1280.0,1.47
55,83,138Cs,0,32.48,m,0.2,ﺧ٢ﻗ·؛,100.0,,5370.0,9.15
55,82,137Cs,0,30.007,y,+0.023-0.023,ﺧ٢ﻗ·؛,100.0,,1170.0,0.172
55,81,136Cs,0,13.01,d,0.05,ﺧ٢ﻗ·؛,100.0,,2540.0,1.85
55,80,135Cs,0,1.33e+06,y,1.90e+05,ﺧ٢ﻗ·؛,100.0,,268.0,0.286
55,87,142Cs,0,1.687,s,0.009,ﺧ٢ﻗ·؛,100.0,,7320.0,8.36
55,86,141Cs,0,24.86,s,0.1,ﺧ٢ﻗ·؛,100.0,,5250.0,9.61
55,85,140Cs,0,64,s,0.4,ﺧ٢ﻗ·؛,100.0,,6210.0,9.86
55,84,139Cs,0,9.25,m,0.06,ﺧ٢ﻗ·؛,100.0,,4210.0,3.12
55,89,144Cs,0,0.993,s,0.007,ﺧ٢ﻗ·؛,100.0,,8490.0,20.4
55,88,143Cs,0,1.795,s,0.008,ﺧ٢ﻗ·؛,100.0,,6260.0,9.73
55,90,145Cs,0,588,ms,5,ﺧ٢ﻗ·؛,100.0,,7460.0,12.4
55,94,149Cs,0,112,ms,3,ﺧ٢ﻗ·؛,100.0,,9530.0,400.0
55,93,148Cs,0,151,ms,2,ﺧ٢ﻗ·؛,100.0,,10600.0,13.1
55,92,147Cs,0,232,ms,2,ﺧ٢ﻗ·؛,100.0,,8340.0,21.4
55,91,146Cs,0,322,ms,1,ﺧ٢ﻗ·؛,100.0,,9550.0,3.39
55,96,151Cs,0,59,ms,19,ﺧ٢ﻗ·؛,100.0,,10600.0,640.0
55,95,150Cs,0,80.8,ms,2.8,ﺧ٢ﻗ·؛,100.0,,11700.0,400.0
56,92,148Ba,0,619,ms,4,ﺧ٢ﻗ·؛,100.0,,5160.0,19.5
56,93,149Ba,0,352,ms,5,ﺧ٢ﻗ·؛,100.0,,7380.0,200.0
56,94,150Ba,0,258,ms,5,ﺧ٢ﻗ·؛,100.0,,6420.0,6.21
56,95,151Ba,0,167,ms,5,ﺧ٢ﻗ·؛,100.0,,8370.0,591.0
56,90,146Ba,0,2.16,s,0.04,ﺧ٢ﻗ·؛,100.0,,4350.0,2.43
56,91,147Ba,0,894,ms,7,ﺧ٢ﻗ·؛,100.0,,6410.0,22.4
56,96,152Ba,0,140,ms,7,ﺧ٢ﻗ·؛,100.0,,7680.0,500.0
56,97,153Ba,0,113,ms,39,ﺧ٢ﻗ·؛,100.0,,9590.0,500.0
56,98,154Ba,0,53,ms,48,ﺧ٢ﻗ·؛,100.0,,8610.0,583.0
56,83,139Ba,0,82.89,m,0.14,ﺧ٢ﻗ·؛,100.0,,2300.0,0.657
56,84,140Ba,0,12.7526,d,0.0014,ﺧ٢ﻗ·؛,100.0,,1040.0,7.9
56,89,145Ba,0,3.99,s,0.19,ﺧ٢ﻗ·؛,100.0,,5310.0,14.9
56,85,141Ba,0,18.24,m,0.08,ﺧ٢ﻗ·؛,100.0,,3190.0,6.55
56,86,142Ba,0,10.51,m,0.15,ﺧ٢ﻗ·؛,100.0,,2180.0,8.37
56,87,143Ba,0,14.38,s,0.21,ﺧ٢ﻗ·؛,100.0,,4230.0,9.96
56,88,144Ba,0,11.7,s,0.1,ﺧ٢ﻗ·؛,100.0,,3080.0,14.7
57,83,140La,0,40.284,h,0.003,ﺧ٢ﻗ·؛,100.0,,3760.0,1.33
57,84,141La,0,3.93,h,0.03,ﺧ٢ﻗ·؛,100.0,,2500.0,3.92
57,85,142La,0,91.8,m,0.5,ﺧ٢ﻗ·؛,100.0,,4500.0,5.84
57,81,138La,0,1.03e+11,y,1.11e+09,ﺧ٢ﻗ·؛,34.5,0.4,1050.0,0.401
57,86,143La,0,14.09,m,0.07,ﺧ٢ﻗ·؛,100.0,,3430.0,7.58
57,87,144La,0,40.8,s,0.4,ﺧ٢ﻗ·؛,100.0,,5580.0,13.2
57,88,145La,0,24.8,s,2.0,ﺧ٢ﻗ·؛,100.0,,4230.0,35.2
57,89,146La,0,6.1,s,0.3,ﺧ٢ﻗ·؛,100.0,,6400.0,14.7
57,93,150La,0,0.51,s,+0.01-0.022,ﺧ٢ﻗ·؛,100.0,,8530.0,11.9
57,94,151La,0,0.457,s,+0.03-0.018,ﺧ٢ﻗ·؛,100.0,,7910.0,435.0
57,95,152La,0,298,ms,+6-23,ﺧ٢ﻗ·؛,100.0,,9690.0,361.0
57,96,153La,0,244,ms,18,ﺧ٢ﻗ·؛,100.0,,8850.0,361.0
57,90,147La,0,4.024,s,0.011,ﺧ٢ﻗ·؛,100.0,,5330.0,13.7
57,91,148La,0,1.411,s,0.028,ﺧ٢ﻗ·؛,100.0,,7680.0,22.4
57,92,149La,0,1.085,s,0.026,ﺧ٢ﻗ·؛,100.0,,6450.0,200.0
57,97,154La,0,163,ms,15,ﺧ٢ﻗ·؛,100.0,,10600.0,361.0
57,98,155La,0,100,ms,25,ﺧ٢ﻗ·؛,100.0,,9850.0,500.0
57,99,156La,0,84,ms,78,ﺧ٢ﻗ·؛,100.0,,11700.0,500.0
58,100,158Ce,0,99,ms,93,ﺧ٢ﻗ·؛,100.0,,7610.0,500.0
58,83,141Ce,0,32.504,d,0.011,ﺧ٢ﻗ·؛,100.0,,583.0,1.17
58,85,143Ce,0,33.037,h,0.008,ﺧ٢ﻗ·؛,100.0,,1460.0,1.86
58,86,144Ce,0,284.886,d,0.03,ﺧ٢ﻗ·؛,100.0,,318.0,0.832
58,87,145Ce,0,3.02,m,0.05,ﺧ٢ﻗ·؛,100.0,,2550.0,33.6
58,88,146Ce,0,13.22,m,0.09,ﺧ٢ﻗ·؛,100.0,,1040.0,32.4
58,89,147Ce,0,56.4,s,1.1,ﺧ٢ﻗ·؛,100.0,,3430.0,15.5
58,94,152Ce,0,1.42,s,0.02,ﺧ٢ﻗ·؛,100.0,,4770.0,201.0
58,95,153Ce,0,865,ms,25,ﺧ٢ﻗ·؛,100.0,,6650.0,201.0
58,96,154Ce,0,722,ms,14,ﺧ٢ﻗ·؛,100.0,,5640.0,224.0
58,97,155Ce,0,313,ms,7,ﺧ٢ﻗ·؛,100.0,,7630.0,300.0
58,90,148Ce,0,56.8,s,0.3,ﺧ٢ﻗ·؛,100.0,,2130.0,12.5
58,91,149Ce,0,5.2,s,0.3,ﺧ٢ﻗ·؛,100.0,,4360.0,14.2
58,92,150Ce,0,6.05,s,0.07,ﺧ٢ﻗ·؛,100.0,,3450.0,14.2
58,93,151Ce,0,1.74,s,0.05,ﺧ٢ﻗ·؛,100.0,,5550.0,21.1
58,98,156Ce,0,233,ms,9,ﺧ٢ﻗ·؛,100.0,,6630.0,300.0
58,99,157Ce,0,175,ms,41,ﺧ٢ﻗ·؛,100.0,,8500.0,400.0
59,100,159Pr,0,134,ms,43,ﺧ٢ﻗ·؛,100.0,,8950.0,401.0
59,101,160Pr,0,170,ms,140,ﺧ٢ﻗ·؛,100.0,,10500.0,402.0
59,85,144Pr,0,17.28,m,0.03,ﺧ٢ﻗ·؛,100.0,,2990.0,2.4
59,84,143Pr,0,13.57,d,0.02,ﺧ٢ﻗ·؛,100.0,,934.0,1.36
59,87,146Pr,0,24.09,m,0.1,ﺧ٢ﻗ·؛,100.0,,4250.0,34.3
59,86,145Pr,0,5.982,h,0.009,ﺧ٢ﻗ·؛,100.0,,1800.0,7.03
59,83,142Pr,0,19.12,h,0.04,ﺧ٢ﻗ·؛,99.9836,0.0008,2160.0,1.36
59,89,148Pr,0,2.29,m,0.02,ﺧ٢ﻗ·؛,100.0,,4870.0,15.0
59,89,148Pr,0.0768,2.01,m,0.07,ﺧ٢ﻗ·؛,64.0,10.0,4870.0,15.0
59,88,147Pr,0,13.35,m,0.1,ﺧ٢ﻗ·؛,100.0,,2700.0,15.8
59,90,149Pr,0,2.26,m,0.07,ﺧ٢ﻗ·؛,100.0,,3330.0,10.0
59,96,155Pr,0,1.47,s,3.0,ﺧ٢ﻗ·؛,100.0,,6860.0,19.4
59,95,154Pr,0,2.3,s,0.09,ﺧ٢ﻗ·؛,100.0,,7720.0,100.0
59,98,157Pr,0,295,ms,+29-11,ﺧ٢ﻗ·؛,100.0,,8050.0,3.82
59,97,156Pr,0,444,ms,6,ﺧ٢ﻗ·؛,100.0,,8750.0,1.65
59,92,151Pr,0,18.9,s,0.07,ﺧ٢ﻗ·؛,100.0,,4160.0,11.6
59,91,150Pr,0,6.19,s,0.16,ﺧ٢ﻗ·؛,100.0,,5370.0,9.06
59,94,153Pr,0,4.29,s,0.07,ﺧ٢ﻗ·؛,100.0,,5760.0,12.1
59,93,152Pr,0,3.57,s,0.18,ﺧ٢ﻗ·؛,100.0,,6390.0,30.7
59,99,158Pr,0,181,ms,14,ﺧ٢ﻗ·؛,100.0,,9680.0,300.0
60,101,161Nd,0,215,ms,76,ﺧ٢ﻗ·؛,100.0,,7850.0,400.0
60,102,162Nd,0,310,ms,20,ﺧ٢ﻗ·؛,100.0,,7030.0,500.0
60,100,160Nd,0,439,ms,37,ﺧ٢ﻗ·؛,100.0,,6170.0,46.6
60,89,149Nd,0,1.728,h,0.002,ﺧ٢ﻗ·؛,100.0,,1680.0,2.45
60,87,147Nd,0,11.12,d,0.07,ﺧ٢ﻗ·؛,100.0,,895.0,0.566
60,96,156Nd,0,5.27,s,0.23,ﺧ٢ﻗ·؛,100.0,,3960.0,1.76
60,95,155Nd,0,8.9,s,0.2,ﺧ٢ﻗ·؛,100.0,,4650.0,10.2
60,94,154Nd,0,25.9,s,0.2,ﺧ٢ﻗ·؛,100.0,,2680.0,25.0
60,93,153Nd,0,31.6,s,1.0,ﺧ٢ﻗ·؛,100.0,,3310.0,9.35
60,92,152Nd,0,11.4,m,0.2,ﺧ٢ﻗ·؛,100.0,,1100.0,18.5
60,91,151Nd,0,12.44,m,0.07,ﺧ٢ﻗ·؛,100.0,,2440.0,4.47
60,99,159Nd,0,485,ms,+39-20,ﺧ٢ﻗ·؛,100.0,,6830.0,31.4
60,98,158Nd,0,820,ms,+15-36,ﺧ٢ﻗ·؛,100.0,,5270.0,1.57
60,97,157Nd,0,1.16,s,0.02,ﺧ٢ﻗ·؛,100.0,,5800.0,7.32
61,86,147Pm,0,2.62344,y,0.00022,ﺧ٢ﻗ·؛,100.0,,224.0,0.294
61,85,146Pm,0,5.53,y,0.05,ﺧ٢ﻗ·؛,34.3,1.5,1540.0,3.0
61,89,150Pm,0,2.698,h,0.015,ﺧ٢ﻗ·؛,100.0,,3450.0,20.0
61,88,149Pm,0,53.08,h,0.05,ﺧ٢ﻗ·؛,100.0,,1070.0,1.87
61,87,148Pm,0,5.368,d,0.007,ﺧ٢ﻗ·؛,100.0,,2470.0,5.64
61,97,158Pm,0,4.8,s,0.5,ﺧ٢ﻗ·؛,100.0,,6140.0,4.86
61,96,157Pm,0,10.56,s,0.1,ﺧ٢ﻗ·؛,100.0,,4380.0,8.26
61,95,156Pm,0,27.8,s,0.8,ﺧ٢ﻗ·؛,100.0,,5190.0,8.6
61,94,155Pm,0,41.5,s,0.2,ﺧ٢ﻗ·؛,100.0,,3250.0,4.9
61,93,154Pm,0,2.68,m,0.07,ﺧ٢ﻗ·؛,100.0,,4180.0,25.0
61,92,153Pm,0,5.25,m,0.02,ﺧ٢ﻗ·؛,100.0,,1910.0,9.08
61,91,152Pm,0,4.1,m,0.1,ﺧ٢ﻗ·؛,100.0,,3500.0,25.8
61,90,151Pm,0,28.4,h,0.04,ﺧ٢ﻗ·؛,100.0,,1190.0,4.47
61,99,160Pm,0,0.725,s,0.057,ﺧ٢ﻗ·؛,100.0,,7330.0,2.83
61,98,159Pm,0,1.634,s,0.04,ﺧ٢ﻗ·؛,100.0,,5650.0,11.6
61,104,165Pm,0,0.297,s,+0.111-0.101,ﺧ٢ﻗ·؛,100.0,,8840.0,640.0
61,100,161Pm,0,730,ms,+43-33,ﺧ٢ﻗ·؛,100.0,,6580.0,11.3
61,101,162Pm,0,474,ms,+37-23,ﺧ٢ﻗ·؛,100.0,,8330.0,300.0
61,102,163Pm,0,363,ms,+42-30,ﺧ٢ﻗ·؛,100.0,,7640.0,400.0
61,103,164Pm,0,280,ms,+38-33,ﺧ٢ﻗ·؛,100.0,,9560.0,400.0
62,89,151Sm,0,94.6,y,0.6,ﺧ٢ﻗ·؛,100.0,,76.6,0.537
62,102,164Sm,0,1.42,s,0.06,ﺧ٢ﻗ·؛,100.0,,5300.0,4.59
62,101,163Sm,0,1.67,s,+0.18-0.19,ﺧ٢ﻗ·؛,100.0,,5970.0,7.41
62,100,162Sm,0,3.09,s,0.27,ﺧ٢ﻗ·؛,100.0,,4340.0,3.76
62,106,168Sm,0,0.353,s,+0.21-0.164,ﺧ٢ﻗ·؛,100.0,,7610.0,500.0
62,105,167Sm,0,334,ms,+83-78,ﺧ٢ﻗ·؛,100.0,,8440.0,640.0
62,104,166Sm,0,399,ms,+56-62,ﺧ٢ﻗ·؛,100.0,,6290.0,412.0
62,103,165Sm,0,614,ms,+89-91,ﺧ٢ﻗ·؛,100.0,,7210.0,400.0
62,99,161Sm,0,4.63,s,0.29,ﺧ٢ﻗ·؛,100.0,,5110.0,12.4
62,91,153Sm,0,46.283,h,0.002,ﺧ٢ﻗ·؛,100.0,,807.0,0.706
62,93,155Sm,0,22.182,m,0.054,ﺧ٢ﻗ·؛,100.0,,1620.0,1.2
62,94,156Sm,0,9.4,h,0.2,ﺧ٢ﻗ·؛,100.0,,722.0,7.9
62,95,157Sm,0,8.04,m,0.06,ﺧ٢ﻗ·؛,100.0,,2780.0,6.11
62,96,158Sm,0,5.32,m,0.05,ﺧ٢ﻗ·؛,100.0,,2010.0,5.11
62,97,159Sm,0,11.37,s,0.15,ﺧ٢ﻗ·؛,100.0,,3830.0,7.32
62,98,160Sm,0,9.6,s,0.3,ﺧ٢ﻗ·؛,100.0,,3260.0,2.15
63,107,170Eu,0,197,ms,+74-71,ﺧ٢ﻗ·؛,100.0,,9980.0,707.0
63,106,169Eu,0,389,ms,90,ﺧ٢ﻗ·؛,100.0,,8230.0,640.0
63,101,164Eu,0,4.08,s,0.16,ﺧ٢ﻗ·؛,100.0,,6460.0,2.29
63,100,163Eu,0,7.7,s,0.4,ﺧ٢ﻗ·؛,100.0,,4810.0,1.2
63,103,166Eu,0,1.29,s,+0.07-0.08,ﺧ٢ﻗ·؛,100.0,,7620.0,100.0
63,102,165Eu,0,2.25,s,0.14,ﺧ٢ﻗ·؛,100.0,,5790.0,5.37
63,105,168Eu,0,440,ms,48,ﺧ٢ﻗ·؛,100.0,,8890.0,500.0
63,104,167Eu,0,862,ms,+75-59,ﺧ٢ﻗ·؛,100.0,,7000.0,400.0
63,89,152Eu,0,13.517,y,0.009,ﺧ٢ﻗ·؛,27.92,0.13,1810.0,0.7
63,91,154Eu,0,8.591,y,+0.004-0.004,ﺧ٢ﻗ·؛,99.982,0.012,1960.0,0.753
63,92,155Eu,0,4.742,y,+0.008-0.008,ﺧ٢ﻗ·؛,100.0,,251.0,0.868
63,93,156Eu,0,15.16,d,0.02,ﺧ٢ﻗ·؛,100.0,,2450.0,3.4
63,94,157Eu,0,15.18,h,0.03,ﺧ٢ﻗ·؛,100.0,,1360.0,4.19
63,95,158Eu,0,45.9,m,0.2,ﺧ٢ﻗ·؛,100.0,,3410.0,2.25
63,96,159Eu,0,18.1,m,0.1,ﺧ٢ﻗ·؛,100.0,,2510.0,4.36
63,97,160Eu,0,42.6,s,0.5,ﺧ٢ﻗ·؛,100.0,,4440.0,1.44
63,98,161Eu,0,26,s,2,ﺧ٢ﻗ·؛,100.0,,3710.0,10.5
63,99,162Eu,0,11.7,s,1.2,ﺧ٢ﻗ·؛,100.0,,5550.0,4.17
64,95,159Gd,0,18.479,h,0.004,ﺧ٢ﻗ·؛,100.0,,970.0,0.749
64,98,162Gd,0,8.39,m,0.2,ﺧ٢ﻗ·؛,100.0,,1590.0,4.46
64,97,161Gd,0,3.66,m,0.05,ﺧ٢ﻗ·؛,100.0,,1950.0,1.44
64,99,163Gd,0,68,s,3,ﺧ٢ﻗ·؛,100.0,,3200.0,4.13
64,104,168Gd,0,3.02,s,0.15,ﺧ٢ﻗ·؛,100.0,,4630.0,300.0
64,103,167Gd,0,4.26,s,+0.18-0.32,ﺧ٢ﻗ·؛,100.0,,5100.0,5.55
64,102,166Gd,0,5,s,0.8,ﺧ٢ﻗ·؛,100.0,,3430.0,2.15
64,101,165Gd,0,11.6,s,1.0,ﺧ٢ﻗ·؛,100.0,,4060.0,2.01
64,100,164Gd,0,45,s,3,ﺧ٢ﻗ·؛,100.0,,2410.0,2.11
64,108,172Gd,0,0.163,s,+0.113-0.099,ﺧ٢ﻗ·؛,100.0,,6720.0,583.0
64,107,171Gd,0,0.392,s,+0.145-0.135,ﺧ٢ﻗ·؛,100.0,,7560.0,640.0
64,106,170Gd,0,0.616,s,0.11,ﺧ٢ﻗ·؛,100.0,,5860.0,583.0
64,105,169Gd,0,0.892,s,+0.09-0.092,ﺧ٢ﻗ·؛,100.0,,6590.0,500.0
65,101,166Tb,0,27.1,s,1.5,ﺧ٢ﻗ·؛,100.0,,4770.0,1.66
65,100,165Tb,0,2.11,m,0.1,ﺧ٢ﻗ·؛,100.0,,3020.0,1.69
65,103,168Tb,0,9.4,s,0.4,ﺧ٢ﻗ·؛,100.0,,5770.0,140.0
65,102,167Tb,0,18.9,s,1.6,ﺧ٢ﻗ·؛,100.0,,4020.0,4.44
65,105,170Tb,0,0.96,s,0.08,ﺧ٢ﻗ·؛,100.0,,7000.0,361.0
65,104,169Tb,0,5.13,s,0.32,ﺧ٢ﻗ·؛,100.0,,5110.0,425.0
65,107,172Tb,0,0.76,s,0.19,ﺧ٢ﻗ·؛,100.0,,8070.0,583.0
65,106,171Tb,0,1.24,s,+0.09-0.1,ﺧ٢ﻗ·؛,100.0,,6240.0,447.0
65,93,158Tb,0,180,y,11,ﺧ٢ﻗ·؛,16.6,0.7,936.0,2.47
65,95,160Tb,0,72.3,d,0.2,ﺧ٢ﻗ·؛,100.0,,1830.0,1.1
65,97,162Tb,0,7.6,m,0.17,ﺧ٢ﻗ·؛,100.0,,2300.0,2.16
65,96,161Tb,0,6.9584,d,0.0053,ﺧ٢ﻗ·؛,100.0,,593.0,1.2
65,99,164Tb,0,3,m,0.1,ﺧ٢ﻗ·؛,100.0,,3860.0,1.98
65,98,163Tb,0,19.5,m,0.3,ﺧ٢ﻗ·؛,100.0,,1780.0,4.0
66,99,165Dy,0,2.331,h,0.004,ﺧ٢ﻗ·؛,100.0,,1280.0,0.75
66,102,168Dy,0,8.7,m,0.3,ﺧ٢ﻗ·؛,100.0,,1500.0,143.0
66,101,167Dy,0,6.2,m,0.08,ﺧ٢ﻗ·؛,100.0,,2360.0,6.55
66,100,166Dy,0,81.63,h,0.17,ﺧ٢ﻗ·؛,100.0,,485.0,0.85
66,106,172Dy,0,3.52,s,0.23,ﺧ٢ﻗ·؛,100.0,,3720.0,358.0
66,105,171Dy,0,4.1,s,0.4,ﺧ٢ﻗ·؛,100.0,,4500.0,633.0
66,104,170Dy,0,55,s,8,ﺧ٢ﻗ·؛,100.0,,2520.0,206.0
66,103,169Dy,0,39,s,8,ﺧ٢ﻗ·؛,100.0,,3200.0,300.0
66,107,173Dy,0,1.43,s,0.2,ﺧ٢ﻗ·؛,100.0,,5610.0,499.0
67,99,166Ho,0,26.808,h,0.008,ﺧ٢ﻗ·؛,100.0,,1850.0,0.779
67,97,164Ho,0,28.8,m,0.4,ﺧ٢ﻗ·؛,40.0,5.0,962.0,1.37
67,101,168Ho,0,2.99,m,0.07,ﺧ٢ﻗ·؛,100.0,,2930.0,30.0
67,100,167Ho,0,2.9675,h,0.0355,ﺧ٢ﻗ·؛,100.0,,1000.0,5.18
67,103,170Ho,0,2.76,m,0.05,ﺧ٢ﻗ·؛,100.0,,3870.0,50.0
67,102,169Ho,0,4.7,m,0.1,ﺧ٢ﻗ·؛,100.0,,2120.0,20.0
67,105,172Ho,0,25,s,3,ﺧ٢ﻗ·؛,100.0,,4990.0,196.0
67,104,171Ho,0,53,s,2,ﺧ٢ﻗ·؛,100.0,,3200.0,600.0
67,107,174Ho,0,3.5,s,0.5,ﺧ٢ﻗ·؛,100.0,,6080.0,423.0
67,106,173Ho,0,7.1,s,0.4,ﺧ٢ﻗ·؛,100.0,,4300.0,357.0
67,108,175Ho,0,1.9,s,0.6,ﺧ٢ﻗ·؛,100.0,,5350.0,566.0
68,107,175Er,0,1.2,m,0.3,ﺧ٢ﻗ·؛,100.0,,3650.0,404.0
68,106,174Er,0,3.2,m,0.2,ﺧ٢ﻗ·؛,100.0,,1910.0,301.0
68,105,173Er,0,1.4,m,0.1,ﺧ٢ﻗ·؛,100.0,,2600.0,196.0
68,104,172Er,0,49.3,h,0.3,ﺧ٢ﻗ·؛,100.0,,890.0,4.54
68,103,171Er,0,7.516,h,0.002,ﺧ٢ﻗ·؛,100.0,,1490.0,1.07
68,101,169Er,0,9.39,d,0.02,ﺧ٢ﻗ·؛,100.0,,353.0,0.772
69,99,168Tm,0,93.1,d,0.2,ﺧ٢ﻗ·؛,0.01,0.007,267.0,1.67
69,108,177Tm,0,95,s,7,ﺧ٢ﻗ·؛,100.0,,3410.0,200.0
69,105,174Tm,0,5.4,m,0.1,ﺧ٢ﻗ·؛,100.0,,3080.0,44.7
69,104,173Tm,0,8.24,h,0.08,ﺧ٢ﻗ·؛,100.0,,1290.0,4.4
69,107,176Tm,0,1.853,m,0.027,ﺧ٢ﻗ·؛,100.0,,4120.0,100.0
69,106,175Tm,0,15.2,m,0.5,ﺧ٢ﻗ·؛,100.0,,2380.0,50.0
69,101,170Tm,0,128.4,d,0.3,ﺧ٢ﻗ·؛,99.869,0.01,968.0,0.731
69,103,172Tm,0,63.6,h,0.2,ﺧ٢ﻗ·؛,100.0,,1880.0,5.48
69,102,171Tm,0,701.5,d,3.3,ﺧ٢ﻗ·؛,100.0,,96.5,0.971
70,110,180Yb,0,2.4,m,0.5,ﺧ٢ﻗ·؛,100.0,,1950.0,308.0
70,105,175Yb,0,4.1615,d,0.003,ﺧ٢ﻗ·؛,100.0,,470.0,1.2
70,109,179Yb,0,8,m,0.4,ﺧ٢ﻗ·؛,100.0,,2410.0,200.0
70,108,178Yb,0,74,m,3,ﺧ٢ﻗ·؛,100.0,,660.0,6.96
70,107,177Yb,0,1.911,h,0.003,ﺧ٢ﻗ·؛,100.0,,1390.0,1.24
71,106,177Lu,0,6.6472,d,0.0016,ﺧ٢ﻗ·؛,100.0,,496.0,0.792
71,105,176Lu,0,3.71e+10,y,1.87e+08,ﺧ٢ﻗ·؛,100.0,,1190.0,0.874
71,108,179Lu,0,4.59,h,0.06,ﺧ٢ﻗ·؛,100.0,,1400.0,5.06
71,107,178Lu,0,28.4,m,0.2,ﺧ٢ﻗ·؛,100.0,,2090.0,2.05
71,109,180Lu,0,5.6,m,0.2,ﺧ٢ﻗ·؛,100.0,,3100.0,70.7
71,111,182Lu,0,2,m,0.2,ﺧ٢ﻗ·؛,100.0,,4280.0,200.0
71,110,181Lu,0,3.5,m,0.3,ﺧ٢ﻗ·؛,100.0,,2600.0,125.0
71,113,184Lu,0,19,s,2,ﺧ٢ﻗ·؛,100.0,,5190.0,204.0
71,112,183Lu,0,58,s,4,ﺧ٢ﻗ·؛,100.0,,3560.0,85.5
72,109,181Hf,0,42.39,d,0.06,ﺧ٢ﻗ·؛,100.0,,1030.0,1.92
72,110,182Hf,0,8.90e+06,y,9.00e+04,ﺧ٢ﻗ·؛,100.0,,381.0,6.3
72,114,186Hf,0,2.6,m,1.2,ﺧ٢ﻗ·؛,100.0,,2180.0,78.9
72,113,185Hf,0,3.5,m,0.6,ﺧ٢ﻗ·؛,100.0,,3070.0,65.8
72,112,184Hf,0,4.12,h,0.05,ﺧ٢ﻗ·؛,100.0,,1340.0,30.0
72,111,183Hf,0,1.019,h,0.003,ﺧ٢ﻗ·؛,100.0,,2010.0,30.0
73,107,180Ta,0,8.154,h,0.006,ﺧ٢ﻗ·؛,15.0,4.0,702.0,2.35
73,109,182Ta,0,114.804,d,0.11,ﺧ٢ﻗ·؛,100.0,,1810.0,1.52
73,119,192Ta,0,2.2,s,0.7,ﺧ٢ﻗ·؛,100.0,,6520.0,447.0
73,115,188Ta,0,19.6,s,2.0,ﺧ٢ﻗ·؛,100.0,,4750.0,200.0
73,114,187Ta,0,283,s,10,ﺧ٢ﻗ·؛,100.0,,3000.0,55.9
73,117,190Ta,0,5.3,s,0.7,ﺧ٢ﻗ·؛,100.0,,5640.0,203.0
73,111,184Ta,0,8.7,h,0.1,ﺧ٢ﻗ·؛,100.0,,2860.0,26.0
73,110,183Ta,0,5.1,d,0.1,ﺧ٢ﻗ·؛,100.0,,1070.0,1.54
73,113,186Ta,0,10.5,m,0.2,ﺧ٢ﻗ·؛,100.0,,3900.0,60.0
73,112,185Ta,0,49.5,m,1.5,ﺧ٢ﻗ·؛,100.0,,1990.0,14.1
74,113,187W,0,23.8,h,0.03,ﺧ٢ﻗ·؛,100.0,,1310.0,1.12
74,114,188W,0,69.77,d,0.05,ﺧ٢ﻗ·؛,100.0,,349.0,3.0
74,115,189W,0,11.6,m,0.2,ﺧ٢ﻗ·؛,100.0,,2170.0,200.0
74,116,190W,0,30,m,1.5,ﺧ٢ﻗ·؛,100.0,,1210.0,35.5
74,111,185W,0,74.9,d,0.4,ﺧ٢ﻗ·؛,100.0,,431.0,0.661
75,119,194Re,0,5,s,1,ﺧ٢ﻗ·؛,100.0,,5170.0,200.0
75,116,191Re,0,9.8,m,0.5,ﺧ٢ﻗ·؛,100.0,,2040.0,10.2
75,117,192Re,0,15.2,s,0.6,ﺧ٢ﻗ·؛,100.0,,4290.0,70.8
75,111,186Re,0,3.7185,d,+0.0004-0.0004,ﺧ٢ﻗ·؛,92.53,0.1,1070.0,0.833
75,114,189Re,0,24.2,h,0.4,ﺧ٢ﻗ·؛,100.0,,1000.0,8.16
75,115,190Re,0,3,m,0.3,ﺧ٢ﻗ·؛,100.0,,3120.0,4.78
75,112,187Re,0,4.12e+10,y,1.10e+09,ﺧ٢ﻗ·؛,100.0,,2.46,0.0016
75,113,188Re,0,17.004,h,0.002,ﺧ٢ﻗ·؛,100.0,,2120.0,0.152
75,121,196Re,0,3,s,+1-2,ﺧ٢ﻗ·؛,100.0,,5910.0,303.0
75,120,195Re,0,6,s,1,ﺧ٢ﻗ·؛,100.0,,3950.0,305.0
76,120,196Os,0,34.9,m,0.2,ﺧ٢ﻗ·؛,100.0,,1150.0,55.4
76,121,197Os,0,93,s,7,ﺧ٢ﻗ·؛,100.0,,3180.0,201.0
76,122,198Os,0,125,s,28,ﺧ٢ﻗ·؛,100.0,,2110.0,283.0
76,123,199Os,0,5,s,+4-2,ﺧ٢ﻗ·؛,100.0,,4120.0,204.0
76,124,200Os,0,6,s,+4-3,ﺧ٢ﻗ·؛,100.0,,3020.0,358.0
76,115,191Os,0,15,d,0.04,ﺧ٢ﻗ·؛,100.0,,313.0,1.14
76,117,193Os,0,29.83,h,0.018,ﺧ٢ﻗ·؛,100.0,,1140.0,2.4
76,118,194Os,0,6,y,0.2,ﺧ٢ﻗ·؛,100.0,,96.6,2.0
76,119,195Os,0,6.4,m,1.0,ﺧ٢ﻗ·؛,100.0,,2180.0,55.9
77,123,200Ir,0,43,s,6,ﺧ٢ﻗ·؛,100.0,,5030.0,197.0
77,124,201Ir,0,21,s,5,ﺧ٢ﻗ·؛,100.0,,3900.0,206.0
77,121,198Ir,0,9.1,s,0.3,ﺧ٢ﻗ·؛,100.0,,4190.0,200.0
77,122,199Ir,0,6,s,4,ﺧ٢ﻗ·؛,100.0,,2990.0,41.0
77,120,197Ir,0,5.8,m,0.5,ﺧ٢ﻗ·؛,100.0,,2150.0,20.1
77,125,202Ir,0,11,s,3,ﺧ٢ﻗ·؛,100.0,,6050.0,301.0
77,118,195Ir,0,2.29,h,0.13,ﺧ٢ﻗ·؛,100.0,,1100.0,1.26
77,119,196Ir,0,51.9,s,1.1,ﺧ٢ﻗ·؛,100.0,,3200.0,38.4
77,117,194Ir,0,19.2,h,0.02,ﺧ٢ﻗ·؛,100.0,,2220.0,1.25
77,115,192Ir,0,73.826,d,0.011,ﺧ٢ﻗ·؛,95.24,0.04,1450.0,2.27
78,119,197Pt,0,19.8915,h,0.0019,ﺧ٢ﻗ·؛,100.0,,719.0,0.502
78,121,199Pt,0,30.51,m,0.03,ﺧ٢ﻗ·؛,100.0,,1700.0,2.12
78,122,200Pt,0,12.6,h,0.3,ﺧ٢ﻗ·؛,100.0,,640.0,33.4
78,123,201Pt,0,2.5,m,0.1,ﺧ٢ﻗ·؛,100.0,,2660.0,50.0
78,124,202Pt,0,44,h,15,ﺧ٢ﻗ·؛,100.0,,1660.0,34.2
78,125,203Pt,0,22,s,4,ﺧ٢ﻗ·؛,100.0,,3630.0,200.0
78,126,204Pt,0,10.7,s,1.3,ﺧ٢ﻗ·؛,100.0,,2770.0,283.0
79,119,198Au,0,2.69469,d,0.00025,ﺧ٢ﻗ·؛,100.0,,1370.0,0.49
79,117,196Au,0,6.156,d,0.0109,ﺧ٢ﻗ·؛,7.0,0.3,687.0,3.11
79,121,200Au,0,48.4,m,0.3,ﺧ٢ﻗ·؛,100.0,,2260.0,26.7
79,122,201Au,0,26,m,0.8,ﺧ٢ﻗ·؛,100.0,,1260.0,3.14
79,120,199Au,0,3.135,d,0.003,ﺧ٢ﻗ·؛,100.0,,452.0,0.612
79,125,204Au,0,38.4,s,0.8,ﺧ٢ﻗ·؛,100.0,,4300.0,200.0
79,126,205Au,0,32,s,1.1,ﺧ٢ﻗ·؛,100.0,,3710.0,200.0
79,123,202Au,0,28.4,s,1.2,ﺧ٢ﻗ·؛,100.0,,2990.0,23.2
79,124,203Au,0,60,s,6,ﺧ٢ﻗ·؛,100.0,,2120.0,3.45
79,127,206Au,0,47,s,11.2,ﺧ٢ﻗ·؛,100.0,,6750.0,301.0
80,123,203Hg,0,46.612,d,0.011,ﺧ٢ﻗ·؛,100.0,,492.0,1.22
80,125,205Hg,0,5.1,m,0.1,ﺧ٢ﻗ·؛,100.0,,1530.0,3.72
80,126,206Hg,0,8.32,m,0.12,ﺧ٢ﻗ·؛,100.0,,1300.0,20.4
80,127,207Hg,0,2.9,m,0.2,ﺧ٢ﻗ·؛,100.0,,4540.0,30.3
80,128,208Hg,0,135,s,10,ﺧ٢ﻗ·؛,100.0,,3480.0,30.7
80,129,209Hg,0,6.3,s,1.1,ﺧ٢ﻗ·؛,100.0,,5030.0,150.0
80,130,210Hg,0,63.7,s,11.6,ﺧ٢ﻗ·؛,100.0,,3940.0,201.0
80,131,211Hg,0,26.4,s,8.1,ﺧ٢ﻗ·؛,100.0,,5680.0,205.0
81,123,204Tl,0,3.7833,y,0.0074,ﺧ٢ﻗ·؛,97.08,0.07,763.0,0.176
81,133,214Tl,0,11,s,2.4,ﺧ٢ﻗ·؛,100.0,,6640.0,196.0
81,134,215Tl,0,9.7,s,3.8,ﺧ٢ﻗ·؛,100.0,,5680.0,305.0
81,131,212Tl,0,30.9,s,8.0,ﺧ٢ﻗ·؛,100.0,,5990.0,200.0
81,132,213Tl,0,23.8,s,4.4,ﺧ٢ﻗ·؛,100.0,,4980.0,27.8
81,130,211Tl,0,79.6,s,+15.4-15.2,ﺧ٢ﻗ·؛,100.0,,4410.0,41.9
81,128,209Tl,0,2.162,m,0.007,ﺧ٢ﻗ·؛,100.0,,3960.0,6.21
81,129,210Tl,0,1.3,m,0.03,ﺧ٢ﻗ·؛,100.0,,5480.0,11.5
81,126,207Tl,0,4.77,m,0.01,ﺧ٢ﻗ·؛,100.0,,1410.0,5.4
81,127,208Tl,0,3.053,m,0.003,ﺧ٢ﻗ·؛,100.0,,4990.0,1.66
81,125,206Tl,0,4.202,m,0.013,ﺧ٢ﻗ·؛,100.0,,1530.0,0.611
81,135,216Tl,0,5.9,s,3.3,ﺧ٢ﻗ·؛,100.0,,7360.0,361.0
82,134,216Pb,0,99.4,s,11.7,ﺧ٢ﻗ·؛,100.0,,1630.0,201.0
82,135,217Pb,0,19.9,s,5.3,ﺧ٢ﻗ·؛,100.0,,3530.0,300.0
82,136,218Pb,0,15,s,7,ﺧ٢ﻗ·؛,100.0,,2410.0,301.0
82,127,209Pb,0,3.235,h,0.005,ﺧ٢ﻗ·؛,100.0,,644.0,1.14
82,128,210Pb,0,22.2,y,0.17,ﺧ٢ﻗ·؛,100.0,,63.4,0.499
82,129,211Pb,0,36.165,m,+0.001-0.001,ﺧ٢ﻗ·؛,100.0,,1360.0,5.47
82,130,212Pb,0,10.628,h,0.006,ﺧ٢ﻗ·؛,100.0,,569.0,1.82
82,131,213Pb,0,10.2,m,0.3,ﺧ٢ﻗ·؛,100.0,,2020.0,8.37
82,132,214Pb,0,27.06,m,0.07,ﺧ٢ﻗ·؛,100.0,,1010.0,11.2
82,133,215Pb,0,142,s,12,ﺧ٢ﻗ·؛,100.0,,2710.0,52.9
83,135,218Bi,0,33,s,1,ﺧ٢ﻗ·؛,100.0,,4850.0,27.0
83,136,219Bi,0,8.7,s,2.9,ﺧ٢ﻗ·؛,100.0,,3630.0,201.0
83,133,216Bi,0,2.25,m,0.05,ﺧ٢ﻗ·؛,100.0,,4090.0,11.3
83,134,217Bi,0,98.5,s,1.3,ﺧ٢ﻗ·؛,100.0,,2840.0,18.8
83,137,220Bi,0,9.5,s,5.7,ﺧ٢ﻗ·؛,100.0,,5690.0,300.0
83,131,214Bi,0,19.71,m,0.02,ﺧ٢ﻗ·؛,99.979,0.0013,3260.0,11.1
83,132,215Bi,0,7.6,m,0.2,ﺧ٢ﻗ·؛,100.0,,2170.0,5.52
83,130,213Bi,0,45.607,m,0.038,ﺧ٢ﻗ·؛,97.872,0.022,1420.0,5.48
83,128,211Bi,0,2.14,m,0.03,ﺧ٢ﻗ·؛,0.276,0.004,573.0,5.42
83,129,212Bi,0,60.551,m,0.059,ﺧ٢ﻗ·؛,64.06,0.06,2250.0,1.66
83,127,210Bi,0,5.012,d,0.005,ﺧ٢ﻗ·؛,99.999868,1e-05,1160.0,0.766
84,131,215Po,0,1.781,ms,0.003,ﺧ٢ﻗ·؛,0.00023,2e-05,714.0,6.64
84,133,217Po,0,1.53,s,0.05,ﺧ٢ﻗ·؛,2.5,2.5,1480.0,7.97
84,134,218Po,0,3.097,m,0.01,ﺧ٢ﻗ·؛,0.022,0.003,256.0,11.5
84,135,219Po,0,10.33,m,0.98,ﺧ٢ﻗ·؛,71.8,2.0,2280.0,16.1
84,137,221Po,0,1.87,m,+0.97-0.47,ﺧ٢ﻗ·؛,100.0,,2990.0,24.0
84,138,222Po,0,2.42,m,+11.57-1.1,ﺧ٢ﻗ·؛,100.0,,1530.0,43.0
85,139,224At,0,1.27,m,+2.3-0.38,ﺧ٢ﻗ·؛,100.0,,5260.0,24.4
85,137,222At,0,54,s,10,ﺧ٢ﻗ·؛,100.0,,4580.0,15.9
85,138,223At,0,50,s,7,ﺧ٢ﻗ·؛,100.0,,3030.0,16.0
85,135,220At,0,3.71,m,0.04,ﺧ٢ﻗ·؛,92.0,2.0,3760.0,14.0
85,136,221At,0,2.3,m,0.2,ﺧ٢ﻗ·؛,100.0,,2310.0,15.0
85,133,218At,0,1.28,s,0.05,ﺧ٢ﻗ·؛,0.05,0.05,2880.0,11.6
85,134,219At,0,56,s,3,ﺧ٢ﻗ·؛,6.4,1.0,1560.0,2.94
85,132,217At,0,32.6,ms,0.2,ﺧ٢ﻗ·؛,0.007,0.003,736.0,6.15
86,140,226Rn,0,7.4,m,0.1,ﺧ٢ﻗ·؛,100.0,,1220.0,12.1
86,139,225Rn,0,4.66,m,0.04,ﺧ٢ﻗ·؛,100.0,,2710.0,16.3
86,138,224Rn,0,114,m,6,ﺧ٢ﻗ·؛,100.0,,696.0,14.8
86,135,221Rn,0,25.7,m,0.5,ﺧ٢ﻗ·؛,80.0,2.0,1190.0,7.23
86,137,223Rn,0,24.3,m,1.0,ﺧ٢ﻗ·؛,100.0,,2000.0,8.05
86,142,228Rn,0,65,s,2,ﺧ٢ﻗ·؛,100.0,,1850.0,18.9
86,141,227Rn,0,20.8,s,0.7,ﺧ٢ﻗ·؛,100.0,,3200.0,15.2
86,143,229Rn,0,12,s,+1.2-1.3,ﺧ٢ﻗ·؛,100.0,,3690.0,13.9
87,139,226Fr,0,49,s,1,ﺧ٢ﻗ·؛,100.0,,3850.0,6.52
87,138,225Fr,0,4,m,0.1,ﺧ٢ﻗ·؛,100.0,,1820.0,12.1
87,137,224Fr,0,3.33,m,0.1,ﺧ٢ﻗ·؛,100.0,,2920.0,11.3
87,136,223Fr,0,21.99,m,0.07,ﺧ٢ﻗ·؛,99.994,,1140.0,0.847
87,135,222Fr,0,14.2,m,0.3,ﺧ٢ﻗ·؛,100.0,,2050.0,8.68
87,134,221Fr,0,4.801,m,0.009,ﺧ٢ﻗ·؛,0.005,0.003,313.0,6.38
87,133,220Fr,0,27.4,s,0.3,ﺧ٢ﻗ·؛,0.35,0.05,1210.0,8.48
87,143,230Fr,0,19.1,s,0.5,ﺧ٢ﻗ·؛,100.0,,4970.0,12.1
87,142,229Fr,0,50.2,s,0.4,ﺧ٢ﻗ·؛,100.0,,3100.0,16.2
87,141,228Fr,0,38,s,1,ﺧ٢ﻗ·؛,100.0,,4440.0,7.02
87,140,227Fr,0,2.47,m,0.03,ﺧ٢ﻗ·؛,100.0,,2500.0,6.21
87,146,233Fr,0,0.9,s,0.1,ﺧ٢ﻗ·؛,100.0,,4580.0,21.3
87,145,232Fr,0,5.5,s,0.6,ﺧ٢ﻗ·؛,100.0,,5570.0,16.7
87,144,231Fr,0,17.6,s,0.5,ﺧ٢ﻗ·؛,100.0,,3860.0,13.7
88,137,225Ra,0,14.8,d,0.2,ﺧ٢ﻗ·؛,100.0,,355.0,5.0
88,139,227Ra,0,42.2,m,0.5,ﺧ٢ﻗ·؛,100.0,,1320.0,2.26
88,140,228Ra,0,5.75,y,0.03,ﺧ٢ﻗ·؛,100.0,,45.5,0.634
88,142,230Ra,0,93,m,2,ﺧ٢ﻗ·؛,100.0,,677.0,18.8
88,141,229Ra,0,4,m,0.2,ﺧ٢ﻗ·؛,100.0,,1870.0,19.6
88,144,232Ra,0,4.2,m,0.8,ﺧ٢ﻗ·؛,100.0,,1340.0,15.9
88,143,231Ra,0,103.9,s,1.3,ﺧ٢ﻗ·؛,100.0,,2450.0,17.3
88,146,234Ra,0,30,s,10,ﺧ٢ﻗ·؛,100.0,,2080.0,16.2
88,145,233Ra,0,30,s,5,ﺧ٢ﻗ·؛,100.0,,3020.0,15.6
89,145,234Ac,0,44,s,7,ﺧ٢ﻗ·؛,100.0,,4220.0,14.2
89,144,233Ac,0,143,s,9,ﺧ٢ﻗ·؛,100.0,,2570.0,13.1
89,143,232Ac,0,119,s,5,ﺧ٢ﻗ·؛,100.0,,3700.0,13.1
89,142,231Ac,0,7.5,m,0.1,ﺧ٢ﻗ·؛,100.0,,1940.0,13.0
89,141,230Ac,0,122,s,3,ﺧ٢ﻗ·؛,100.0,,2970.0,15.8
89,140,229Ac,0,62.7,m,0.5,ﺧ٢ﻗ·؛,100.0,,1100.0,12.3
89,147,236Ac,0,1.2,m,+5.8-0.5,ﺧ٢ﻗ·؛,100.0,,4960.0,40.6
89,146,235Ac,0,62,s,4,ﺧ٢ﻗ·؛,100.0,,3330.0,19.1
89,139,228Ac,0,6.15,h,0.02,ﺧ٢ﻗ·؛,100.0,,2120.0,2.64
89,138,227Ac,0,21.7725,y,0.0026,ﺧ٢ﻗ·؛,98.62,0.0036,44.7,0.829
89,137,226Ac,0,29.37,h,0.12,ﺧ٢ﻗ·؛,83.0,3.0,1110.0,4.56
90,148,238Th,0,9.4,m,2.0,ﺧ٢ﻗ·؛,100.0,,1630.0,284.0
90,145,235Th,0,7.2,m,0.1,ﺧ٢ﻗ·؛,100.0,,1720.0,19.1
90,144,234Th,0,24.107,d,0.023,ﺧ٢ﻗ·؛,100.0,,274.0,3.17
90,147,237Th,0,4.79,m,0.5,ﺧ٢ﻗ·؛,100.0,,2420.0,20.5
90,146,236Th,0,37.5,m,0.2,ﺧ٢ﻗ·؛,100.0,,921.0,19.7
90,141,231Th,0,25.52,h,0.01,ﺧ٢ﻗ·؛,100.0,,391.0,1.45
90,143,233Th,0,21.83,m,0.04,ﺧ٢ﻗ·؛,100.0,,1240.0,1.12
91,139,230Pa,0,17.4,d,0.4,ﺧ٢ﻗ·؛,7.8,0.7,558.0,4.59
91,142,233Pa,0,26.975,d,0.013,ﺧ٢ﻗ·؛,100.0,,570.0,1.97
91,141,232Pa,0,1.31,d,0.02,ﺧ٢ﻗ·؛,100.0,,1330.0,7.42
91,146,237Pa,0,8.7,m,0.2,ﺧ٢ﻗ·؛,100.0,,2130.0,13.0
91,145,236Pa,0,9.1,m,0.1,ﺧ٢ﻗ·؛,100.0,,2880.0,14.0
91,144,235Pa,0,24.4,m,0.2,ﺧ٢ﻗ·؛,100.0,,1370.0,14.0
91,143,234Pa,0,6.671,h,0.022,ﺧ٢ﻗ·؛,100.0,,2190.0,3.99
91,148,239Pa,0,1.8,h,0.5,ﺧ٢ﻗ·؛,100.0,,2760.0,196.0
91,147,238Pa,0,2.3,m,0.1,ﺧ٢ﻗ·؛,100.0,,3580.0,15.9
92,145,237U,0,6.752,d,0.005,ﺧ٢ﻗ·؛,100.0,,518.0,0.52
92,150,242U,0,16.8,m,0.5,ﺧ٢ﻗ·؛,100.0,,1200.0,283.0
92,147,239U,0,23.45,m,0.02,ﺧ٢ﻗ·؛,100.0,,1260.0,1.49
92,148,240U,0,14.1,h,0.1,ﺧ٢ﻗ·؛,100.0,,399.0,17.0
93,149,242Np,0,2.2,m,0.2,ﺧ٢ﻗ·؛,100.0,,2700.0,200.0
93,148,241Np,0,13.9,m,0.2,ﺧ٢ﻗ·؛,100.0,,1360.0,100.0
93,147,240Np,0,61.9,m,0.2,ﺧ٢ﻗ·؛,100.0,,2190.0,17.0
93,146,239Np,0,2.3558,d,0.0031,ﺧ٢ﻗ·؛,100.0,,722.0,0.93
93,145,238Np,0,2.0993,d,0.0012,ﺧ٢ﻗ·؛,100.0,,1290.0,0.457
93,151,244Np,0,2.29,m,0.16,ﺧ٢ﻗ·؛,100.0,,3430.0,100.0
93,150,243Np,0,1.85,m,0.15,ﺧ٢ﻗ·؛,100.0,,2050.0,32.0
93,143,236Np,0,1.55e+05,y,1.00e+03,ﺧ٢ﻗ·؛,12.0,0.1,476.0,50.3
94,152,246Pu,0,10.84,d,0.02,ﺧ٢ﻗ·؛,100.0,,401.0,14.0
94,151,245Pu,0,10.54,h,0.07,ﺧ٢ﻗ·؛,100.0,,1270.0,13.7
94,153,247Pu,0,2.27,d,0.23,ﺧ٢ﻗ·؛,100.0,,2050.0,224.0
94,149,243Pu,0,4.955,h,0.002,ﺧ٢ﻗ·؛,100.0,,579.0,2.62
94,147,241Pu,0,14.329,y,0.029,ﺧ٢ﻗ·؛,99.99755,8e-05,20.7,0.165
95,149,244Am,0,10.02,h,0.03,ﺧ٢ﻗ·؛,100.0,,1420.0,1.0
95,147,242Am,0,16.02,h,0.02,ﺧ٢ﻗ·؛,83.0,0.3,664.0,0.414
95,152,247Am,0,23,m,1.3,ﺧ٢ﻗ·؛,100.0,,1620.0,100.0
95,151,246Am,0,39,m,3,ﺧ٢ﻗ·؛,100.0,,2370.0,18.0
95,150,245Am,0,2.047,h,+0.007999999999999563-0.008000000000000451,ﺧ٢ﻗ·؛,100.0,,895.0,1.54
96,154,250Cm,0,&asymp;8300,y,,ﺧ٢ﻗ·؛,,,37.5,10.6
96,153,249Cm,0,64.15,m,0.03,ﺧ٢ﻗ·؛,100.0,,904.0,2.59
96,155,251Cm,0,16.8,m,0.2,ﺧ٢ﻗ·؛,100.0,,1420.0,20.0
97,152,249Bk,0,327.2,d,0.3,ﺧ٢ﻗ·؛,99.99863,0.0001,123.0,0.4
97,153,250Bk,0,3.212,h,0.005,ﺧ٢ﻗ·؛,100.0,,1780.0,2.45
97,154,251Bk,0,56,m,0.9,ﺧ٢ﻗ·؛,100.0,,1090.0,10.0
97,155,252Bk,0,1.8,m,0.5,ﺧ٢ﻗ·؛,100.0,,2500.0,200.0
97,156,253Bk,0,10,m,>,ﺧ٢ﻗ·؛,100.0,,1620.0,359.0
98,157,255Cf,0,85,m,18,ﺧ٢ﻗ·؛,100.0,,720.0,200.0
98,155,253Cf,0,17.78,d,0.07,ﺧ٢ﻗ·؛,99.69,0.04,291.0,4.38
99,158,257Es,0,7.7,d,0.2,ﺧ٢ﻗ·؛,100.0,,813.0,411.0
99,155,254Es,0,275.7,d,0.5,ﺧ٢ﻗ·؛,0.000174,8e-06,1090.0,2.28
99,156,255Es,0,39.8,d,1.2,ﺧ٢ﻗ·؛,92.0,0.4,288.0,10.1
99,157,256Es,0,25.4,m,1.2,ﺧ٢ﻗ·؛,100.0,,1700.0,100.0
101,159,260Md,0,31.8,d,0.5,ﺧ٢ﻗ·؛,10.0,,940.0,374.0
